Machine = 5,Job = 3,Task = 12,Ant = 50,
Sedai , Best ,, Bad , Average 
0 , 32.0 , 49.0 , 40.32 , 
1 , 30.0 , 51.0 , 39.36 , 
2 , 31.0 , 48.0 , 39.46 , 
3 , 28.0 , 51.0 , 38.48 , 
4 , 31.0 , 51.0 , 38.98 , 
5 , 28.0 , 51.0 , 38.42 , 
6 , 29.0 , 48.0 , 37.92 , 
7 , 30.0 , 53.0 , 38.2 , 
8 , 28.0 , 48.0 , 37.8 , 
9 , 26.0 , 46.0 , 35.74 , 
10 , 29.0 , 47.0 , 37.0 , 
11 , 31.0 , 51.0 , 37.44 , 
12 , 29.0 , 45.0 , 37.14 , 
13 , 29.0 , 45.0 , 37.5 , 
14 , 30.0 , 46.0 , 36.92 , 
15 , 28.0 , 48.0 , 37.0 , 
16 , 30.0 , 45.0 , 36.22 , 
17 , 25.0 , 48.0 , 37.28 , 
18 , 26.0 , 52.0 , 36.94 , 
19 , 25.0 , 51.0 , 37.44 , 
20 , 29.0 , 48.0 , 36.56 , 
21 , 29.0 , 48.0 , 37.46 , 
22 , 28.0 , 46.0 , 36.92 , 
23 , 25.0 , 49.0 , 35.88 , 
24 , 26.0 , 49.0 , 36.78 , 
25 , 27.0 , 47.0 , 36.18 , 
26 , 27.0 , 49.0 , 36.0 , 
27 , 27.0 , 47.0 , 36.78 , 
28 , 28.0 , 45.0 , 36.5 , 
29 , 28.0 , 45.0 , 36.04 , 
30 , 27.0 , 46.0 , 36.22 , 
31 , 27.0 , 44.0 , 36.44 , 
32 , 27.0 , 46.0 , 35.42 , 
33 , 27.0 , 49.0 , 36.9 , 
34 , 28.0 , 47.0 , 36.36 , 
35 , 25.0 , 48.0 , 36.38 , 
36 , 27.0 , 47.0 , 35.82 , 
37 , 27.0 , 45.0 , 35.68 , 
38 , 29.0 , 46.0 , 35.8 , 
39 , 28.0 , 48.0 , 37.0 , 
40 , 29.0 , 48.0 , 36.2 , 
41 , 26.0 , 47.0 , 34.88 , 
42 , 27.0 , 46.0 , 36.74 , 
43 , 29.0 , 48.0 , 36.64 , 
44 , 26.0 , 49.0 , 35.76 , 
45 , 28.0 , 45.0 , 35.96 , 
46 , 26.0 , 45.0 , 35.76 , 
47 , 28.0 , 45.0 , 36.44 , 
48 , 29.0 , 47.0 , 36.3 , 
49 , 28.0 , 50.0 , 35.32 , 
50 , 27.0 , 49.0 , 36.24 , 
51 , 28.0 , 41.0 , 35.36 , 
52 , 27.0 , 45.0 , 35.28 , 
53 , 29.0 , 44.0 , 35.32 , 
54 , 26.0 , 43.0 , 33.56 , 
55 , 27.0 , 45.0 , 35.42 , 
56 , 27.0 , 45.0 , 34.92 , 
57 , 26.0 , 47.0 , 34.7 , 
58 , 26.0 , 47.0 , 34.94 , 
59 , 24.0 , 48.0 , 34.8 , 
60 , 27.0 , 47.0 , 35.72 , 
61 , 26.0 , 42.0 , 34.28 , 
62 , 25.0 , 44.0 , 34.52 , 
63 , 26.0 , 48.0 , 35.48 , 
64 , 25.0 , 46.0 , 34.3 , 
65 , 28.0 , 42.0 , 34.4 , 
66 , 28.0 , 42.0 , 34.6 , 
67 , 26.0 , 43.0 , 34.7 , 
68 , 26.0 , 44.0 , 34.32 , 
69 , 25.0 , 45.0 , 34.78 , 
70 , 27.0 , 44.0 , 34.48 , 
71 , 29.0 , 47.0 , 36.2 , 
72 , 26.0 , 42.0 , 34.16 , 
73 , 28.0 , 47.0 , 34.76 , 
74 , 28.0 , 45.0 , 34.24 , 
75 , 26.0 , 43.0 , 33.54 , 
76 , 26.0 , 43.0 , 34.4 , 
77 , 28.0 , 44.0 , 34.1 , 
78 , 26.0 , 43.0 , 33.38 , 
79 , 25.0 , 45.0 , 34.6 , 
80 , 29.0 , 43.0 , 34.6 , 
81 , 26.0 , 42.0 , 33.62 , 
82 , 26.0 , 43.0 , 34.06 , 
83 , 26.0 , 45.0 , 33.5 , 
84 , 27.0 , 43.0 , 33.92 , 
85 , 27.0 , 41.0 , 33.32 , 
86 , 26.0 , 43.0 , 33.2 , 
87 , 26.0 , 41.0 , 33.78 , 
88 , 27.0 , 43.0 , 33.42 , 
89 , 26.0 , 38.0 , 33.08 , 
90 , 25.0 , 41.0 , 34.08 , 
91 , 28.0 , 40.0 , 34.18 , 
92 , 27.0 , 44.0 , 33.84 , 
93 , 26.0 , 47.0 , 33.92 , 
94 , 25.0 , 50.0 , 34.48 , 
95 , 26.0 , 48.0 , 33.62 , 
96 , 26.0 , 45.0 , 33.62 , 
97 , 27.0 , 42.0 , 33.6 , 
98 , 28.0 , 42.0 , 34.1 , 
99 , 26.0 , 44.0 , 33.38 , 
100 , 27.0 , 44.0 , 33.96 , 
101 , 26.0 , 41.0 , 33.14 , 
102 , 26.0 , 44.0 , 33.16 , 
103 , 27.0 , 43.0 , 33.14 , 
104 , 24.0 , 40.0 , 33.56 , 
105 , 27.0 , 40.0 , 32.72 , 
106 , 23.0 , 42.0 , 33.1 , 
107 , 24.0 , 43.0 , 33.94 , 
108 , 26.0 , 44.0 , 33.4 , 
109 , 26.0 , 42.0 , 33.0 , 
110 , 26.0 , 42.0 , 34.04 , 
111 , 25.0 , 46.0 , 33.5 , 
112 , 25.0 , 41.0 , 33.4 , 
113 , 29.0 , 43.0 , 34.22 , 
114 , 26.0 , 40.0 , 32.82 , 
115 , 23.0 , 41.0 , 33.02 , 
116 , 26.0 , 52.0 , 33.54 , 
117 , 26.0 , 42.0 , 33.16 , 
118 , 27.0 , 42.0 , 33.68 , 
119 , 26.0 , 41.0 , 32.92 , 
120 , 26.0 , 41.0 , 33.1 , 
121 , 26.0 , 44.0 , 33.18 , 
122 , 25.0 , 40.0 , 32.84 , 
123 , 23.0 , 46.0 , 33.02 , 
124 , 27.0 , 39.0 , 33.98 , 
125 , 27.0 , 41.0 , 33.18 , 
126 , 27.0 , 42.0 , 33.94 , 
127 , 25.0 , 46.0 , 34.1 , 
128 , 27.0 , 43.0 , 33.68 , 
129 , 27.0 , 40.0 , 33.3 , 
130 , 25.0 , 41.0 , 33.28 , 
131 , 25.0 , 41.0 , 32.74 , 
132 , 26.0 , 40.0 , 33.66 , 
133 , 27.0 , 42.0 , 33.58 , 
134 , 27.0 , 40.0 , 32.78 , 
135 , 26.0 , 43.0 , 33.12 , 
136 , 25.0 , 42.0 , 33.22 , 
137 , 25.0 , 41.0 , 33.26 , 
138 , 25.0 , 40.0 , 33.32 , 
139 , 26.0 , 40.0 , 32.28 , 
140 , 26.0 , 41.0 , 33.02 , 
141 , 25.0 , 40.0 , 33.26 , 
142 , 26.0 , 40.0 , 33.04 , 
143 , 23.0 , 45.0 , 32.56 , 
144 , 25.0 , 39.0 , 32.58 , 
145 , 27.0 , 40.0 , 32.32 , 
146 , 26.0 , 41.0 , 33.06 , 
147 , 26.0 , 45.0 , 32.88 , 
148 , 23.0 , 41.0 , 32.02 , 
149 , 24.0 , 40.0 , 31.86 , 
150 , 27.0 , 41.0 , 32.2 , 
151 , 26.0 , 41.0 , 32.34 , 
152 , 25.0 , 40.0 , 32.36 , 
153 , 26.0 , 42.0 , 32.28 , 
154 , 26.0 , 41.0 , 31.82 , 
155 , 25.0 , 40.0 , 31.42 , 
156 , 25.0 , 39.0 , 32.24 , 
157 , 25.0 , 43.0 , 32.76 , 
158 , 25.0 , 40.0 , 31.66 , 
159 , 25.0 , 43.0 , 32.66 , 
160 , 24.0 , 38.0 , 31.98 , 
161 , 24.0 , 40.0 , 32.62 , 
162 , 24.0 , 42.0 , 31.34 , 
163 , 23.0 , 45.0 , 32.1 , 
164 , 24.0 , 41.0 , 31.82 , 
165 , 24.0 , 40.0 , 31.46 , 
166 , 25.0 , 40.0 , 31.86 , 
167 , 25.0 , 40.0 , 31.64 , 
168 , 27.0 , 39.0 , 31.9 , 
169 , 26.0 , 42.0 , 32.32 , 
170 , 26.0 , 40.0 , 31.5 , 
171 , 24.0 , 39.0 , 31.56 , 
172 , 24.0 , 44.0 , 32.16 , 
173 , 26.0 , 38.0 , 31.5 , 
174 , 26.0 , 38.0 , 31.36 , 
175 , 24.0 , 38.0 , 30.9 , 
176 , 23.0 , 39.0 , 31.72 , 
177 , 25.0 , 39.0 , 31.0 , 
178 , 23.0 , 38.0 , 31.04 , 
179 , 24.0 , 39.0 , 30.92 , 
180 , 23.0 , 47.0 , 31.34 , 
181 , 23.0 , 37.0 , 30.32 , 
182 , 24.0 , 39.0 , 31.44 , 
183 , 24.0 , 37.0 , 30.78 , 
184 , 25.0 , 38.0 , 31.6 , 
185 , 24.0 , 38.0 , 29.82 , 
186 , 23.0 , 39.0 , 30.52 , 
187 , 25.0 , 38.0 , 30.28 , 
188 , 25.0 , 36.0 , 30.34 , 
189 , 24.0 , 40.0 , 30.38 , 
190 , 23.0 , 36.0 , 29.6 , 
191 , 23.0 , 36.0 , 30.3 , 
192 , 24.0 , 36.0 , 29.86 , 
193 , 25.0 , 39.0 , 31.44 , 
194 , 25.0 , 38.0 , 30.1 , 
195 , 23.0 , 37.0 , 30.38 , 
196 , 25.0 , 43.0 , 30.14 , 
197 , 24.0 , 37.0 , 30.42 , 
198 , 24.0 , 39.0 , 30.04 , 
199 , 23.0 , 41.0 , 30.16 , 
200 , 25.0 , 38.0 , 30.42 , 
201 , 24.0 , 36.0 , 29.58 , 
202 , 24.0 , 38.0 , 30.24 , 
203 , 24.0 , 39.0 , 29.6 , 
204 , 23.0 , 40.0 , 31.22 , 
205 , 24.0 , 38.0 , 29.98 , 
206 , 25.0 , 39.0 , 29.9 , 
207 , 23.0 , 41.0 , 29.7 , 
208 , 25.0 , 35.0 , 29.5 , 
209 , 24.0 , 37.0 , 29.98 , 
210 , 24.0 , 35.0 , 29.52 , 
211 , 25.0 , 38.0 , 30.22 , 
212 , 25.0 , 35.0 , 29.78 , 
213 , 23.0 , 38.0 , 29.82 , 
214 , 25.0 , 37.0 , 30.4 , 
215 , 26.0 , 40.0 , 30.02 , 
216 , 23.0 , 39.0 , 29.1 , 
217 , 24.0 , 36.0 , 29.48 , 
218 , 24.0 , 35.0 , 28.8 , 
219 , 23.0 , 39.0 , 29.36 , 
220 , 24.0 , 35.0 , 28.44 , 
221 , 23.0 , 40.0 , 30.6 , 
222 , 24.0 , 39.0 , 29.44 , 
223 , 23.0 , 35.0 , 29.1 , 
224 , 23.0 , 37.0 , 29.62 , 
225 , 23.0 , 34.0 , 29.28 , 
226 , 24.0 , 38.0 , 29.8 , 
227 , 24.0 , 38.0 , 29.72 , 
228 , 23.0 , 39.0 , 29.72 , 
229 , 24.0 , 35.0 , 29.52 , 
230 , 24.0 , 37.0 , 29.54 , 
231 , 24.0 , 37.0 , 29.32 , 
232 , 23.0 , 41.0 , 29.22 , 
233 , 24.0 , 36.0 , 29.24 , 
234 , 24.0 , 37.0 , 29.9 , 
235 , 24.0 , 36.0 , 29.14 , 
236 , 25.0 , 37.0 , 29.52 , 
237 , 23.0 , 37.0 , 29.58 , 
238 , 23.0 , 35.0 , 28.62 , 
239 , 24.0 , 36.0 , 29.04 , 
240 , 24.0 , 38.0 , 29.38 , 
241 , 23.0 , 36.0 , 29.0 , 
242 , 23.0 , 36.0 , 29.08 , 
243 , 24.0 , 38.0 , 29.64 , 
244 , 24.0 , 35.0 , 29.34 , 
245 , 23.0 , 34.0 , 29.32 , 
246 , 24.0 , 36.0 , 29.24 , 
247 , 24.0 , 38.0 , 29.84 , 
248 , 23.0 , 36.0 , 29.34 , 
249 , 24.0 , 39.0 , 29.56 , 
250 , 24.0 , 37.0 , 29.78 , 
251 , 24.0 , 36.0 , 29.06 , 
252 , 23.0 , 39.0 , 29.3 , 
253 , 23.0 , 36.0 , 28.88 , 
254 , 23.0 , 35.0 , 28.82 , 
255 , 23.0 , 34.0 , 29.22 , 
256 , 23.0 , 35.0 , 28.62 , 
257 , 24.0 , 35.0 , 28.96 , 
258 , 23.0 , 34.0 , 28.48 , 
259 , 23.0 , 37.0 , 29.76 , 
260 , 24.0 , 37.0 , 29.02 , 
261 , 23.0 , 36.0 , 28.9 , 
262 , 24.0 , 34.0 , 28.32 , 
263 , 23.0 , 35.0 , 29.24 , 
264 , 24.0 , 34.0 , 29.16 , 
265 , 23.0 , 35.0 , 29.0 , 
266 , 24.0 , 40.0 , 29.08 , 
267 , 24.0 , 38.0 , 29.46 , 
268 , 25.0 , 35.0 , 29.6 , 
269 , 23.0 , 37.0 , 29.08 , 
270 , 25.0 , 38.0 , 29.44 , 
271 , 23.0 , 36.0 , 28.86 , 
272 , 24.0 , 35.0 , 29.66 , 
273 , 23.0 , 33.0 , 28.34 , 
274 , 23.0 , 35.0 , 28.46 , 
275 , 23.0 , 36.0 , 28.84 , 
276 , 24.0 , 34.0 , 29.12 , 
277 , 23.0 , 36.0 , 28.44 , 
278 , 23.0 , 35.0 , 28.5 , 
279 , 23.0 , 33.0 , 28.18 , 
280 , 24.0 , 35.0 , 28.8 , 
281 , 24.0 , 36.0 , 29.26 , 
282 , 24.0 , 38.0 , 29.34 , 
283 , 24.0 , 37.0 , 29.04 , 
284 , 25.0 , 36.0 , 28.76 , 
285 , 23.0 , 36.0 , 28.22 , 
286 , 23.0 , 34.0 , 28.54 , 
287 , 25.0 , 39.0 , 29.5 , 
288 , 24.0 , 36.0 , 29.36 , 
289 , 23.0 , 37.0 , 29.18 , 
290 , 23.0 , 37.0 , 28.7 , 
291 , 23.0 , 36.0 , 28.9 , 
292 , 24.0 , 37.0 , 29.28 , 
293 , 24.0 , 37.0 , 28.8 , 
294 , 25.0 , 37.0 , 29.12 , 
295 , 23.0 , 36.0 , 28.84 , 
296 , 24.0 , 36.0 , 28.92 , 
297 , 23.0 , 36.0 , 28.5 , 
298 , 23.0 , 35.0 , 28.24 , 
299 , 24.0 , 36.0 , 29.5 , 
300 , 23.0 , 38.0 , 29.3 , 
301 , 25.0 , 37.0 , 28.64 , 
302 , 24.0 , 33.0 , 28.54 , 
303 , 23.0 , 36.0 , 28.84 , 
304 , 23.0 , 35.0 , 29.24 , 
305 , 23.0 , 38.0 , 28.52 , 
306 , 23.0 , 36.0 , 28.84 , 
307 , 23.0 , 35.0 , 28.8 , 
308 , 23.0 , 36.0 , 28.32 , 
309 , 23.0 , 36.0 , 29.08 , 
310 , 23.0 , 34.0 , 28.28 , 
311 , 23.0 , 33.0 , 28.68 , 
312 , 23.0 , 36.0 , 28.46 , 
313 , 23.0 , 37.0 , 27.9 , 
314 , 24.0 , 34.0 , 28.42 , 
315 , 24.0 , 34.0 , 28.74 , 
316 , 23.0 , 36.0 , 28.44 , 
317 , 24.0 , 34.0 , 28.22 , 
318 , 24.0 , 35.0 , 28.52 , 
319 , 24.0 , 35.0 , 28.62 , 
320 , 23.0 , 35.0 , 28.58 , 
321 , 23.0 , 33.0 , 28.2 , 
322 , 24.0 , 34.0 , 28.04 , 
323 , 24.0 , 35.0 , 28.32 , 
324 , 23.0 , 34.0 , 27.84 , 
325 , 23.0 , 34.0 , 28.08 , 
326 , 24.0 , 36.0 , 28.24 , 
327 , 23.0 , 33.0 , 28.14 , 
328 , 23.0 , 32.0 , 27.9 , 
329 , 23.0 , 35.0 , 28.14 , 
330 , 23.0 , 34.0 , 28.68 , 
331 , 24.0 , 34.0 , 28.28 , 
332 , 23.0 , 35.0 , 27.7 , 
333 , 24.0 , 34.0 , 28.26 , 
334 , 24.0 , 36.0 , 28.18 , 
335 , 24.0 , 34.0 , 28.26 , 
336 , 23.0 , 35.0 , 28.7 , 
337 , 23.0 , 35.0 , 28.28 , 
338 , 23.0 , 34.0 , 28.64 , 
339 , 23.0 , 36.0 , 28.42 , 
340 , 24.0 , 35.0 , 28.44 , 
341 , 23.0 , 36.0 , 28.0 , 
342 , 24.0 , 37.0 , 28.32 , 
343 , 24.0 , 35.0 , 28.68 , 
344 , 24.0 , 36.0 , 28.66 , 
345 , 23.0 , 33.0 , 28.2 , 
346 , 23.0 , 34.0 , 28.52 , 
347 , 23.0 , 35.0 , 28.88 , 
348 , 24.0 , 33.0 , 28.42 , 
349 , 23.0 , 35.0 , 28.26 , 
350 , 23.0 , 33.0 , 27.62 , 
351 , 23.0 , 33.0 , 28.28 , 
352 , 23.0 , 35.0 , 28.3 , 
353 , 25.0 , 35.0 , 28.48 , 
354 , 24.0 , 33.0 , 27.44 , 
355 , 23.0 , 35.0 , 27.74 , 
356 , 23.0 , 33.0 , 27.6 , 
357 , 23.0 , 35.0 , 27.92 , 
358 , 25.0 , 34.0 , 28.18 , 
359 , 23.0 , 33.0 , 28.64 , 
360 , 23.0 , 35.0 , 27.9 , 
361 , 24.0 , 36.0 , 28.3 , 
362 , 24.0 , 35.0 , 28.2 , 
363 , 24.0 , 35.0 , 28.86 , 
364 , 23.0 , 35.0 , 28.16 , 
365 , 23.0 , 34.0 , 27.88 , 
366 , 23.0 , 33.0 , 27.58 , 
367 , 24.0 , 36.0 , 27.92 , 
368 , 23.0 , 35.0 , 28.18 , 
369 , 23.0 , 34.0 , 28.26 , 
370 , 23.0 , 33.0 , 27.72 , 
371 , 23.0 , 33.0 , 27.96 , 
372 , 23.0 , 34.0 , 27.6 , 
373 , 23.0 , 35.0 , 27.8 , 
374 , 23.0 , 34.0 , 27.58 , 
375 , 23.0 , 36.0 , 28.04 , 
376 , 23.0 , 36.0 , 27.82 , 
377 , 23.0 , 37.0 , 28.22 , 
378 , 23.0 , 34.0 , 27.44 , 
379 , 23.0 , 36.0 , 27.6 , 
380 , 23.0 , 37.0 , 28.08 , 
381 , 24.0 , 36.0 , 27.92 , 
382 , 23.0 , 34.0 , 27.8 , 
383 , 23.0 , 36.0 , 28.0 , 
384 , 24.0 , 33.0 , 28.72 , 
385 , 23.0 , 34.0 , 27.9 , 
386 , 23.0 , 35.0 , 28.04 , 
387 , 23.0 , 34.0 , 28.44 , 
388 , 24.0 , 32.0 , 28.12 , 
389 , 23.0 , 34.0 , 27.86 , 
390 , 24.0 , 35.0 , 28.24 , 
391 , 23.0 , 35.0 , 27.7 , 
392 , 23.0 , 33.0 , 27.7 , 
393 , 24.0 , 37.0 , 27.86 , 
394 , 23.0 , 34.0 , 28.06 , 
395 , 25.0 , 36.0 , 28.36 , 
396 , 25.0 , 38.0 , 28.56 , 
397 , 24.0 , 31.0 , 27.52 , 
398 , 23.0 , 36.0 , 28.06 , 
399 , 23.0 , 37.0 , 27.82 , 
400 , 23.0 , 36.0 , 27.9 , 
401 , 23.0 , 32.0 , 27.26 , 
402 , 23.0 , 33.0 , 27.64 , 
403 , 23.0 , 35.0 , 27.9 , 
404 , 23.0 , 34.0 , 27.88 , 
405 , 23.0 , 36.0 , 28.08 , 
406 , 24.0 , 35.0 , 27.7 , 
407 , 23.0 , 32.0 , 27.42 , 
408 , 23.0 , 35.0 , 27.52 , 
409 , 23.0 , 36.0 , 27.74 , 
410 , 24.0 , 36.0 , 27.76 , 
411 , 23.0 , 36.0 , 28.34 , 
412 , 23.0 , 36.0 , 27.76 , 
413 , 23.0 , 34.0 , 27.46 , 
414 , 23.0 , 33.0 , 27.86 , 
415 , 23.0 , 33.0 , 27.7 , 
416 , 23.0 , 34.0 , 27.98 , 
417 , 23.0 , 35.0 , 27.26 , 
418 , 23.0 , 32.0 , 26.96 , 
419 , 23.0 , 34.0 , 27.66 , 
420 , 23.0 , 39.0 , 27.78 , 
421 , 24.0 , 35.0 , 27.74 , 
422 , 23.0 , 34.0 , 27.3 , 
423 , 23.0 , 35.0 , 27.62 , 
424 , 23.0 , 34.0 , 27.82 , 
425 , 23.0 , 32.0 , 26.96 , 
426 , 23.0 , 33.0 , 26.98 , 
427 , 23.0 , 36.0 , 27.86 , 
428 , 23.0 , 34.0 , 27.1 , 
429 , 24.0 , 33.0 , 27.36 , 
430 , 23.0 , 34.0 , 27.1 , 
431 , 23.0 , 33.0 , 27.84 , 
432 , 23.0 , 34.0 , 28.4 , 
433 , 23.0 , 35.0 , 27.98 , 
434 , 23.0 , 33.0 , 27.6 , 
435 , 23.0 , 33.0 , 27.52 , 
436 , 23.0 , 36.0 , 27.48 , 
437 , 23.0 , 34.0 , 27.2 , 
438 , 23.0 , 33.0 , 27.38 , 
439 , 23.0 , 35.0 , 27.2 , 
440 , 24.0 , 31.0 , 27.34 , 
441 , 23.0 , 33.0 , 27.72 , 
442 , 23.0 , 33.0 , 27.4 , 
443 , 23.0 , 36.0 , 26.88 , 
444 , 23.0 , 33.0 , 27.04 , 
445 , 23.0 , 34.0 , 27.46 , 
446 , 23.0 , 34.0 , 28.44 , 
447 , 23.0 , 33.0 , 27.26 , 
448 , 23.0 , 36.0 , 26.72 , 
449 , 23.0 , 38.0 , 27.4 , 
450 , 23.0 , 32.0 , 26.76 , 
451 , 23.0 , 31.0 , 26.84 , 
452 , 23.0 , 34.0 , 26.9 , 
453 , 23.0 , 35.0 , 26.32 , 
454 , 23.0 , 34.0 , 27.58 , 
455 , 23.0 , 32.0 , 26.6 , 
456 , 23.0 , 34.0 , 27.38 , 
457 , 23.0 , 37.0 , 27.24 , 
458 , 23.0 , 34.0 , 27.7 , 
459 , 23.0 , 33.0 , 26.8 , 
460 , 23.0 , 34.0 , 27.04 , 
461 , 23.0 , 36.0 , 27.0 , 
462 , 23.0 , 35.0 , 26.78 , 
463 , 23.0 , 32.0 , 26.74 , 
464 , 23.0 , 34.0 , 27.44 , 
465 , 23.0 , 33.0 , 27.22 , 
466 , 23.0 , 32.0 , 26.24 , 
467 , 23.0 , 33.0 , 27.44 , 
468 , 23.0 , 37.0 , 27.4 , 
469 , 23.0 , 34.0 , 27.24 , 
470 , 23.0 , 34.0 , 26.72 , 
471 , 23.0 , 33.0 , 27.48 , 
472 , 23.0 , 35.0 , 26.74 , 
473 , 23.0 , 35.0 , 27.5 , 
474 , 23.0 , 32.0 , 26.46 , 
475 , 23.0 , 34.0 , 26.72 , 
476 , 23.0 , 32.0 , 27.22 , 
477 , 23.0 , 32.0 , 26.98 , 
478 , 23.0 , 32.0 , 26.24 , 
479 , 23.0 , 32.0 , 27.12 , 
480 , 23.0 , 34.0 , 27.26 , 
481 , 23.0 , 35.0 , 27.24 , 
482 , 23.0 , 33.0 , 27.68 , 
483 , 23.0 , 31.0 , 26.86 , 
484 , 23.0 , 35.0 , 26.74 , 
485 , 23.0 , 31.0 , 26.38 , 
486 , 23.0 , 36.0 , 27.24 , 
487 , 23.0 , 34.0 , 27.36 , 
488 , 23.0 , 36.0 , 27.12 , 
489 , 23.0 , 33.0 , 26.8 , 
490 , 23.0 , 35.0 , 26.68 , 
491 , 23.0 , 32.0 , 26.86 , 
492 , 23.0 , 34.0 , 26.42 , 
493 , 23.0 , 32.0 , 26.42 , 
494 , 23.0 , 32.0 , 26.62 , 
495 , 23.0 , 33.0 , 26.52 , 
496 , 23.0 , 33.0 , 27.08 , 
497 , 23.0 , 34.0 , 26.86 , 
498 , 23.0 , 34.0 , 26.78 , 
499 , 23.0 , 31.0 , 26.64 , 
500 , 23.0 , 35.0 , 26.74 , 
501 , 23.0 , 31.0 , 26.86 , 
502 , 23.0 , 33.0 , 26.28 , 
503 , 23.0 , 32.0 , 27.04 , 
504 , 23.0 , 33.0 , 27.12 , 
505 , 23.0 , 35.0 , 27.02 , 
506 , 23.0 , 34.0 , 27.3 , 
507 , 23.0 , 32.0 , 26.9 , 
508 , 23.0 , 31.0 , 26.06 , 
509 , 23.0 , 36.0 , 26.48 , 
510 , 23.0 , 32.0 , 26.94 , 
511 , 23.0 , 36.0 , 26.76 , 
512 , 23.0 , 36.0 , 26.86 , 
513 , 23.0 , 32.0 , 26.72 , 
514 , 23.0 , 39.0 , 26.8 , 
515 , 23.0 , 33.0 , 27.18 , 
516 , 23.0 , 33.0 , 27.2 , 
517 , 23.0 , 31.0 , 26.38 , 
518 , 23.0 , 32.0 , 26.46 , 
519 , 23.0 , 31.0 , 26.66 , 
520 , 23.0 , 34.0 , 27.12 , 
521 , 23.0 , 33.0 , 27.46 , 
522 , 23.0 , 33.0 , 26.7 , 
523 , 23.0 , 30.0 , 26.5 , 
524 , 23.0 , 32.0 , 26.86 , 
525 , 23.0 , 36.0 , 27.46 , 
526 , 23.0 , 32.0 , 27.02 , 
527 , 23.0 , 32.0 , 26.7 , 
528 , 23.0 , 33.0 , 26.76 , 
529 , 23.0 , 32.0 , 26.48 , 
530 , 23.0 , 31.0 , 27.2 , 
531 , 23.0 , 34.0 , 26.76 , 
532 , 23.0 , 34.0 , 26.5 , 
533 , 23.0 , 35.0 , 26.58 , 
534 , 23.0 , 35.0 , 26.62 , 
535 , 23.0 , 32.0 , 26.58 , 
536 , 23.0 , 36.0 , 26.92 , 
537 , 23.0 , 35.0 , 26.6 , 
538 , 23.0 , 32.0 , 26.58 , 
539 , 23.0 , 33.0 , 26.62 , 
540 , 23.0 , 33.0 , 26.74 , 
541 , 23.0 , 34.0 , 26.72 , 
542 , 23.0 , 34.0 , 27.38 , 
543 , 23.0 , 31.0 , 26.68 , 
544 , 23.0 , 33.0 , 26.6 , 
545 , 23.0 , 31.0 , 26.44 , 
546 , 23.0 , 32.0 , 27.38 , 
547 , 23.0 , 33.0 , 26.48 , 
548 , 23.0 , 31.0 , 26.38 , 
549 , 23.0 , 35.0 , 27.06 , 
550 , 23.0 , 33.0 , 26.12 , 
551 , 23.0 , 34.0 , 26.64 , 
552 , 23.0 , 32.0 , 26.68 , 
553 , 23.0 , 31.0 , 26.2 , 
554 , 23.0 , 30.0 , 26.02 , 
555 , 23.0 , 31.0 , 26.1 , 
556 , 23.0 , 37.0 , 26.16 , 
557 , 23.0 , 31.0 , 26.56 , 
558 , 23.0 , 34.0 , 26.74 , 
559 , 23.0 , 33.0 , 27.12 , 
560 , 23.0 , 33.0 , 26.44 , 
561 , 23.0 , 33.0 , 26.82 , 
562 , 23.0 , 34.0 , 26.54 , 
563 , 23.0 , 35.0 , 27.1 , 
564 , 23.0 , 33.0 , 27.08 , 
565 , 23.0 , 31.0 , 26.42 , 
566 , 23.0 , 32.0 , 26.84 , 
567 , 23.0 , 32.0 , 25.86 , 
568 , 23.0 , 32.0 , 26.46 , 
569 , 23.0 , 34.0 , 26.24 , 
570 , 23.0 , 32.0 , 26.72 , 
571 , 23.0 , 36.0 , 26.56 , 
572 , 23.0 , 32.0 , 26.26 , 
573 , 23.0 , 33.0 , 27.04 , 
574 , 23.0 , 32.0 , 26.84 , 
575 , 23.0 , 33.0 , 26.72 , 
576 , 23.0 , 34.0 , 26.36 , 
577 , 23.0 , 31.0 , 26.46 , 
578 , 23.0 , 32.0 , 26.4 , 
579 , 23.0 , 32.0 , 26.18 , 
580 , 23.0 , 34.0 , 26.22 , 
581 , 23.0 , 33.0 , 26.36 , 
582 , 23.0 , 32.0 , 26.26 , 
583 , 23.0 , 35.0 , 26.24 , 
584 , 23.0 , 34.0 , 26.8 , 
585 , 23.0 , 33.0 , 26.78 , 
586 , 23.0 , 33.0 , 27.02 , 
587 , 23.0 , 33.0 , 26.56 , 
588 , 23.0 , 32.0 , 25.86 , 
589 , 23.0 , 33.0 , 26.2 , 
590 , 23.0 , 31.0 , 25.2 , 
591 , 23.0 , 32.0 , 25.9 , 
592 , 23.0 , 37.0 , 26.4 , 
593 , 23.0 , 33.0 , 25.6 , 
594 , 23.0 , 31.0 , 26.36 , 
595 , 23.0 , 31.0 , 27.04 , 
596 , 23.0 , 30.0 , 26.28 , 
597 , 23.0 , 34.0 , 26.66 , 
598 , 23.0 , 30.0 , 25.88 , 
599 , 23.0 , 32.0 , 26.22 , 
600 , 23.0 , 32.0 , 26.38 , 
601 , 23.0 , 33.0 , 25.64 , 
602 , 23.0 , 32.0 , 25.64 , 
603 , 23.0 , 33.0 , 26.32 , 
604 , 23.0 , 35.0 , 25.96 , 
605 , 23.0 , 33.0 , 26.36 , 
606 , 23.0 , 33.0 , 26.18 , 
607 , 23.0 , 37.0 , 26.1 , 
608 , 23.0 , 33.0 , 26.48 , 
609 , 23.0 , 32.0 , 25.66 , 
610 , 23.0 , 32.0 , 26.46 , 
611 , 23.0 , 32.0 , 25.92 , 
612 , 23.0 , 32.0 , 26.4 , 
613 , 23.0 , 30.0 , 25.86 , 
614 , 23.0 , 34.0 , 26.3 , 
615 , 23.0 , 35.0 , 26.02 , 
616 , 23.0 , 30.0 , 25.46 , 
617 , 23.0 , 32.0 , 25.92 , 
618 , 23.0 , 34.0 , 25.56 , 
619 , 23.0 , 30.0 , 25.7 , 
620 , 23.0 , 32.0 , 26.06 , 
621 , 23.0 , 34.0 , 26.0 , 
622 , 23.0 , 32.0 , 26.7 , 
623 , 23.0 , 32.0 , 25.72 , 
624 , 23.0 , 32.0 , 25.8 , 
625 , 23.0 , 32.0 , 25.66 , 
626 , 23.0 , 31.0 , 25.28 , 
627 , 23.0 , 34.0 , 25.68 , 
628 , 23.0 , 31.0 , 25.7 , 
629 , 23.0 , 34.0 , 25.64 , 
630 , 23.0 , 31.0 , 26.04 , 
631 , 23.0 , 30.0 , 25.68 , 
632 , 23.0 , 31.0 , 26.2 , 
633 , 23.0 , 32.0 , 25.38 , 
634 , 23.0 , 33.0 , 26.16 , 
635 , 23.0 , 32.0 , 25.42 , 
636 , 23.0 , 32.0 , 25.38 , 
637 , 23.0 , 32.0 , 25.86 , 
638 , 23.0 , 30.0 , 25.66 , 
639 , 23.0 , 30.0 , 25.86 , 
640 , 23.0 , 30.0 , 25.46 , 
641 , 23.0 , 31.0 , 25.8 , 
642 , 23.0 , 30.0 , 25.38 , 
643 , 23.0 , 32.0 , 25.82 , 
644 , 23.0 , 31.0 , 25.5 , 
645 , 23.0 , 31.0 , 25.48 , 
646 , 23.0 , 33.0 , 25.4 , 
647 , 23.0 , 33.0 , 25.8 , 
648 , 23.0 , 34.0 , 25.82 , 
649 , 23.0 , 33.0 , 25.3 , 
650 , 23.0 , 35.0 , 26.16 , 
651 , 23.0 , 32.0 , 26.18 , 
652 , 23.0 , 34.0 , 26.2 , 
653 , 23.0 , 33.0 , 25.24 , 
654 , 23.0 , 31.0 , 25.8 , 
655 , 23.0 , 34.0 , 26.06 , 
656 , 23.0 , 30.0 , 25.8 , 
657 , 23.0 , 33.0 , 25.68 , 
658 , 23.0 , 31.0 , 25.52 , 
659 , 23.0 , 30.0 , 25.36 , 
660 , 23.0 , 31.0 , 25.96 , 
661 , 23.0 , 32.0 , 25.82 , 
662 , 23.0 , 32.0 , 25.38 , 
663 , 23.0 , 34.0 , 26.16 , 
664 , 23.0 , 32.0 , 25.56 , 
665 , 23.0 , 31.0 , 25.76 , 
666 , 23.0 , 31.0 , 25.06 , 
667 , 23.0 , 32.0 , 25.96 , 
668 , 23.0 , 34.0 , 26.04 , 
669 , 23.0 , 32.0 , 26.28 , 
670 , 23.0 , 33.0 , 26.04 , 
671 , 23.0 , 33.0 , 25.9 , 
672 , 23.0 , 31.0 , 25.78 , 
673 , 23.0 , 34.0 , 25.84 , 
674 , 23.0 , 32.0 , 25.58 , 
675 , 23.0 , 32.0 , 25.42 , 
676 , 23.0 , 32.0 , 25.24 , 
677 , 23.0 , 32.0 , 25.36 , 
678 , 23.0 , 30.0 , 25.14 , 
679 , 23.0 , 33.0 , 25.66 , 
680 , 23.0 , 30.0 , 25.44 , 
681 , 23.0 , 30.0 , 25.54 , 
682 , 23.0 , 31.0 , 25.58 , 
683 , 23.0 , 31.0 , 25.78 , 
684 , 23.0 , 35.0 , 26.36 , 
685 , 23.0 , 33.0 , 25.54 , 
686 , 23.0 , 31.0 , 25.2 , 
687 , 23.0 , 33.0 , 25.64 , 
688 , 23.0 , 33.0 , 25.48 , 
689 , 23.0 , 32.0 , 25.38 , 
690 , 23.0 , 35.0 , 26.28 , 
691 , 23.0 , 32.0 , 25.54 , 
692 , 23.0 , 31.0 , 25.72 , 
693 , 23.0 , 33.0 , 25.64 , 
694 , 23.0 , 32.0 , 25.8 , 
695 , 23.0 , 32.0 , 26.22 , 
696 , 23.0 , 31.0 , 25.24 , 
697 , 23.0 , 31.0 , 25.22 , 
698 , 23.0 , 31.0 , 26.0 , 
699 , 23.0 , 29.0 , 25.28 , 
700 , 23.0 , 36.0 , 25.9 , 
701 , 23.0 , 31.0 , 25.78 , 
702 , 23.0 , 31.0 , 25.5 , 
703 , 23.0 , 30.0 , 25.82 , 
704 , 23.0 , 30.0 , 25.2 , 
705 , 23.0 , 30.0 , 25.16 , 
706 , 23.0 , 31.0 , 25.68 , 
707 , 23.0 , 31.0 , 25.98 , 
708 , 23.0 , 31.0 , 25.6 , 
709 , 23.0 , 31.0 , 25.66 , 
710 , 23.0 , 30.0 , 25.52 , 
711 , 23.0 , 30.0 , 25.68 , 
712 , 23.0 , 32.0 , 25.96 , 
713 , 23.0 , 32.0 , 25.38 , 
714 , 23.0 , 32.0 , 25.44 , 
715 , 23.0 , 33.0 , 25.74 , 
716 , 23.0 , 30.0 , 25.26 , 
717 , 23.0 , 32.0 , 25.9 , 
718 , 23.0 , 31.0 , 25.22 , 
719 , 23.0 , 30.0 , 25.18 , 
720 , 23.0 , 30.0 , 25.12 , 
721 , 23.0 , 30.0 , 25.14 , 
722 , 23.0 , 32.0 , 25.34 , 
723 , 23.0 , 32.0 , 25.56 , 
724 , 23.0 , 33.0 , 25.32 , 
725 , 23.0 , 31.0 , 25.42 , 
726 , 23.0 , 32.0 , 25.68 , 
727 , 23.0 , 31.0 , 25.46 , 
728 , 23.0 , 33.0 , 25.62 , 
729 , 23.0 , 30.0 , 25.54 , 
730 , 23.0 , 29.0 , 25.08 , 
731 , 23.0 , 30.0 , 25.36 , 
732 , 23.0 , 34.0 , 25.78 , 
733 , 23.0 , 29.0 , 24.76 , 
734 , 23.0 , 31.0 , 25.64 , 
735 , 23.0 , 30.0 , 24.76 , 
736 , 23.0 , 33.0 , 25.74 , 
737 , 23.0 , 31.0 , 25.26 , 
738 , 23.0 , 31.0 , 25.62 , 
739 , 23.0 , 31.0 , 25.72 , 
740 , 23.0 , 33.0 , 25.2 , 
741 , 23.0 , 30.0 , 25.14 , 
742 , 23.0 , 31.0 , 25.5 , 
743 , 23.0 , 31.0 , 25.82 , 
744 , 23.0 , 30.0 , 25.3 , 
745 , 23.0 , 32.0 , 25.1 , 
746 , 23.0 , 31.0 , 25.38 , 
747 , 23.0 , 31.0 , 25.32 , 
748 , 23.0 , 32.0 , 25.08 , 
749 , 23.0 , 32.0 , 25.32 , 
750 , 23.0 , 32.0 , 25.56 , 
751 , 23.0 , 33.0 , 25.28 , 
752 , 23.0 , 30.0 , 25.5 , 
753 , 23.0 , 31.0 , 25.14 , 
754 , 23.0 , 31.0 , 25.02 , 
755 , 23.0 , 30.0 , 25.5 , 
756 , 23.0 , 33.0 , 25.32 , 
757 , 23.0 , 31.0 , 25.2 , 
758 , 23.0 , 32.0 , 25.04 , 
759 , 23.0 , 30.0 , 25.44 , 
760 , 23.0 , 31.0 , 25.62 , 
761 , 23.0 , 31.0 , 25.1 , 
762 , 23.0 , 32.0 , 25.32 , 
763 , 23.0 , 32.0 , 25.3 , 
764 , 23.0 , 32.0 , 25.68 , 
765 , 23.0 , 31.0 , 25.24 , 
766 , 23.0 , 29.0 , 25.7 , 
767 , 23.0 , 29.0 , 25.2 , 
768 , 23.0 , 31.0 , 25.02 , 
769 , 23.0 , 30.0 , 25.14 , 
770 , 23.0 , 31.0 , 25.44 , 
771 , 23.0 , 31.0 , 25.32 , 
772 , 23.0 , 29.0 , 24.82 , 
773 , 23.0 , 31.0 , 25.08 , 
774 , 23.0 , 30.0 , 24.88 , 
775 , 23.0 , 33.0 , 24.94 , 
776 , 23.0 , 30.0 , 25.14 , 
777 , 23.0 , 30.0 , 25.06 , 
778 , 23.0 , 33.0 , 25.18 , 
779 , 23.0 , 31.0 , 25.38 , 
780 , 23.0 , 31.0 , 25.12 , 
781 , 23.0 , 32.0 , 25.26 , 
782 , 23.0 , 30.0 , 25.14 , 
783 , 23.0 , 33.0 , 25.14 , 
784 , 23.0 , 30.0 , 25.14 , 
785 , 23.0 , 30.0 , 25.06 , 
786 , 23.0 , 34.0 , 25.06 , 
787 , 23.0 , 33.0 , 25.8 , 
788 , 23.0 , 31.0 , 24.88 , 
789 , 23.0 , 32.0 , 25.06 , 
790 , 23.0 , 30.0 , 25.32 , 
791 , 23.0 , 30.0 , 24.64 , 
792 , 23.0 , 31.0 , 25.9 , 
793 , 23.0 , 29.0 , 25.1 , 
794 , 23.0 , 28.0 , 24.62 , 
795 , 23.0 , 32.0 , 25.04 , 
796 , 23.0 , 30.0 , 24.98 , 
797 , 23.0 , 28.0 , 24.68 , 
798 , 23.0 , 30.0 , 24.62 , 
799 , 23.0 , 32.0 , 24.84 , 
800 , 23.0 , 32.0 , 25.08 , 
801 , 23.0 , 31.0 , 25.2 , 
802 , 23.0 , 31.0 , 25.14 , 
803 , 23.0 , 30.0 , 24.4 , 
804 , 23.0 , 30.0 , 24.78 , 
805 , 23.0 , 30.0 , 24.88 , 
806 , 23.0 , 30.0 , 24.94 , 
807 , 23.0 , 34.0 , 25.3 , 
808 , 23.0 , 29.0 , 24.48 , 
809 , 23.0 , 30.0 , 24.62 , 
810 , 23.0 , 29.0 , 24.76 , 
811 , 23.0 , 29.0 , 25.06 , 
812 , 23.0 , 30.0 , 25.18 , 
813 , 23.0 , 28.0 , 24.5 , 
814 , 23.0 , 30.0 , 24.84 , 
815 , 23.0 , 30.0 , 25.02 , 
816 , 23.0 , 33.0 , 25.46 , 
817 , 23.0 , 29.0 , 24.7 , 
818 , 23.0 , 30.0 , 24.56 , 
819 , 23.0 , 30.0 , 25.26 , 
820 , 23.0 , 29.0 , 25.04 , 
821 , 23.0 , 29.0 , 24.92 , 
822 , 23.0 , 30.0 , 24.76 , 
823 , 23.0 , 32.0 , 25.44 , 
824 , 23.0 , 34.0 , 25.08 , 
825 , 23.0 , 32.0 , 25.22 , 
826 , 23.0 , 29.0 , 24.94 , 
827 , 23.0 , 30.0 , 24.88 , 
828 , 23.0 , 31.0 , 25.02 , 
829 , 23.0 , 30.0 , 25.14 , 
830 , 23.0 , 29.0 , 24.34 , 
831 , 23.0 , 32.0 , 24.86 , 
832 , 23.0 , 30.0 , 25.08 , 
833 , 23.0 , 31.0 , 24.96 , 
834 , 23.0 , 31.0 , 24.64 , 
835 , 23.0 , 31.0 , 25.1 , 
836 , 23.0 , 32.0 , 25.18 , 
837 , 23.0 , 30.0 , 25.04 , 
838 , 23.0 , 32.0 , 25.18 , 
839 , 23.0 , 29.0 , 25.14 , 
840 , 23.0 , 30.0 , 24.9 , 
841 , 23.0 , 28.0 , 24.6 , 
842 , 23.0 , 29.0 , 25.12 , 
843 , 23.0 , 30.0 , 25.18 , 
844 , 23.0 , 30.0 , 25.46 , 
845 , 23.0 , 31.0 , 25.1 , 
846 , 23.0 , 30.0 , 24.76 , 
847 , 23.0 , 31.0 , 24.84 , 
848 , 23.0 , 31.0 , 24.68 , 
849 , 23.0 , 30.0 , 24.72 , 
850 , 23.0 , 31.0 , 24.36 , 
851 , 23.0 , 30.0 , 24.94 , 
852 , 23.0 , 31.0 , 24.74 , 
853 , 23.0 , 30.0 , 24.64 , 
854 , 23.0 , 29.0 , 24.36 , 
855 , 23.0 , 32.0 , 24.7 , 
856 , 23.0 , 30.0 , 24.76 , 
857 , 23.0 , 30.0 , 25.08 , 
858 , 23.0 , 31.0 , 25.06 , 
859 , 23.0 , 31.0 , 24.7 , 
860 , 23.0 , 30.0 , 25.14 , 
861 , 23.0 , 31.0 , 24.9 , 
862 , 23.0 , 30.0 , 25.08 , 
863 , 23.0 , 29.0 , 24.64 , 
864 , 23.0 , 32.0 , 25.24 , 
865 , 23.0 , 28.0 , 24.56 , 
866 , 23.0 , 31.0 , 24.9 , 
867 , 23.0 , 31.0 , 24.66 , 
868 , 23.0 , 30.0 , 24.94 , 
869 , 23.0 , 31.0 , 24.52 , 
870 , 23.0 , 30.0 , 24.6 , 
871 , 23.0 , 28.0 , 24.66 , 
872 , 23.0 , 28.0 , 24.5 , 
873 , 23.0 , 32.0 , 24.5 , 
874 , 23.0 , 30.0 , 24.62 , 
875 , 23.0 , 29.0 , 24.88 , 
876 , 23.0 , 28.0 , 24.98 , 
877 , 23.0 , 31.0 , 25.06 , 
878 , 23.0 , 30.0 , 24.82 , 
879 , 23.0 , 32.0 , 24.98 , 
880 , 23.0 , 30.0 , 25.14 , 
881 , 23.0 , 28.0 , 24.92 , 
882 , 23.0 , 31.0 , 25.24 , 
883 , 23.0 , 33.0 , 24.36 , 
884 , 23.0 , 29.0 , 24.58 , 
885 , 23.0 , 32.0 , 24.52 , 
886 , 23.0 , 31.0 , 25.04 , 
887 , 23.0 , 31.0 , 25.08 , 
888 , 23.0 , 26.0 , 23.98 , 
889 , 23.0 , 30.0 , 24.66 , 
890 , 23.0 , 29.0 , 24.66 , 
891 , 23.0 , 29.0 , 24.46 , 
892 , 23.0 , 31.0 , 24.8 , 
893 , 23.0 , 31.0 , 24.72 , 
894 , 23.0 , 31.0 , 24.54 , 
895 , 23.0 , 31.0 , 24.58 , 
896 , 23.0 , 30.0 , 24.8 , 
897 , 23.0 , 29.0 , 24.32 , 
898 , 23.0 , 29.0 , 24.66 , 
899 , 23.0 , 30.0 , 24.56 , 
900 , 23.0 , 29.0 , 24.62 , 
901 , 23.0 , 31.0 , 24.6 , 
902 , 23.0 , 28.0 , 24.24 , 
903 , 23.0 , 31.0 , 24.78 , 
904 , 23.0 , 30.0 , 24.78 , 
905 , 23.0 , 29.0 , 24.6 , 
906 , 23.0 , 29.0 , 24.9 , 
907 , 23.0 , 28.0 , 24.88 , 
908 , 23.0 , 33.0 , 24.52 , 
909 , 23.0 , 32.0 , 24.74 , 
910 , 23.0 , 30.0 , 24.72 , 
911 , 23.0 , 31.0 , 24.48 , 
912 , 23.0 , 29.0 , 24.4 , 
913 , 23.0 , 32.0 , 25.14 , 
914 , 23.0 , 29.0 , 24.92 , 
915 , 23.0 , 28.0 , 24.06 , 
916 , 23.0 , 31.0 , 24.62 , 
917 , 23.0 , 31.0 , 24.7 , 
918 , 23.0 , 32.0 , 24.92 , 
919 , 23.0 , 29.0 , 24.88 , 
920 , 23.0 , 28.0 , 24.2 , 
921 , 23.0 , 31.0 , 24.78 , 
922 , 23.0 , 28.0 , 24.28 , 
923 , 23.0 , 31.0 , 25.02 , 
924 , 23.0 , 31.0 , 24.88 , 
925 , 23.0 , 31.0 , 24.74 , 
926 , 23.0 , 32.0 , 25.0 , 
927 , 23.0 , 33.0 , 24.66 , 
928 , 23.0 , 34.0 , 25.02 , 
929 , 23.0 , 28.0 , 24.36 , 
930 , 23.0 , 30.0 , 25.16 , 
931 , 23.0 , 31.0 , 24.56 , 
932 , 23.0 , 29.0 , 24.82 , 
933 , 23.0 , 31.0 , 24.9 , 
934 , 23.0 , 28.0 , 24.52 , 
935 , 23.0 , 30.0 , 24.8 , 
936 , 23.0 , 29.0 , 24.56 , 
937 , 23.0 , 30.0 , 25.22 , 
938 , 23.0 , 32.0 , 24.64 , 
939 , 23.0 , 28.0 , 25.04 , 
940 , 23.0 , 28.0 , 24.5 , 
941 , 23.0 , 30.0 , 24.58 , 
942 , 23.0 , 30.0 , 24.64 , 
943 , 23.0 , 28.0 , 24.36 , 
944 , 23.0 , 32.0 , 24.56 , 
945 , 23.0 , 30.0 , 24.56 , 
946 , 23.0 , 30.0 , 24.96 , 
947 , 23.0 , 29.0 , 24.7 , 
948 , 23.0 , 32.0 , 24.8 , 
949 , 23.0 , 28.0 , 24.4 , 
950 , 23.0 , 30.0 , 24.54 , 
951 , 23.0 , 32.0 , 24.72 , 
952 , 23.0 , 31.0 , 24.36 , 
953 , 23.0 , 31.0 , 24.6 , 
954 , 23.0 , 29.0 , 24.76 , 
955 , 23.0 , 29.0 , 24.74 , 
956 , 23.0 , 30.0 , 24.9 , 
957 , 23.0 , 28.0 , 24.6 , 
958 , 23.0 , 31.0 , 24.88 , 
959 , 23.0 , 30.0 , 24.62 , 
960 , 23.0 , 30.0 , 24.46 , 
961 , 23.0 , 32.0 , 24.76 , 
962 , 23.0 , 30.0 , 24.8 , 
963 , 23.0 , 28.0 , 24.48 , 
964 , 23.0 , 31.0 , 24.4 , 
965 , 23.0 , 31.0 , 24.92 , 
966 , 23.0 , 32.0 , 24.76 , 
967 , 23.0 , 30.0 , 24.52 , 
968 , 23.0 , 32.0 , 24.72 , 
969 , 23.0 , 28.0 , 24.54 , 
970 , 23.0 , 27.0 , 24.58 , 
971 , 23.0 , 31.0 , 24.76 , 
972 , 23.0 , 30.0 , 24.58 , 
973 , 23.0 , 29.0 , 24.34 , 
974 , 23.0 , 28.0 , 24.5 , 
975 , 23.0 , 29.0 , 24.64 , 
976 , 23.0 , 32.0 , 24.62 , 
977 , 23.0 , 29.0 , 24.26 , 
978 , 23.0 , 28.0 , 24.14 , 
979 , 23.0 , 30.0 , 24.84 , 
980 , 23.0 , 29.0 , 24.7 , 
981 , 23.0 , 28.0 , 24.34 , 
982 , 23.0 , 29.0 , 24.74 , 
983 , 23.0 , 30.0 , 24.48 , 
984 , 23.0 , 30.0 , 24.5 , 
985 , 23.0 , 31.0 , 24.58 , 
986 , 23.0 , 31.0 , 24.56 , 
987 , 23.0 , 29.0 , 24.44 , 
988 , 23.0 , 28.0 , 24.4 , 
989 , 23.0 , 29.0 , 24.36 , 
990 , 23.0 , 30.0 , 24.06 , 
991 , 23.0 , 28.0 , 24.48 , 
992 , 23.0 , 29.0 , 24.9 , 
993 , 23.0 , 30.0 , 24.9 , 
994 , 23.0 , 31.0 , 25.18 , 
995 , 23.0 , 30.0 , 24.9 , 
996 , 23.0 , 31.0 , 24.34 , 
997 , 23.0 , 31.0 , 24.7 , 
998 , 23.0 , 30.0 , 24.36 , 
999 , 23.0 , 29.0 , 24.54 , 
1000 , 23.0 , 30.0 , 24.5 , 
1001 , 23.0 , 29.0 , 24.28 , 
1002 , 23.0 , 28.0 , 24.4 , 
1003 , 23.0 , 30.0 , 24.5 , 
1004 , 23.0 , 31.0 , 24.18 , 
1005 , 23.0 , 30.0 , 24.72 , 
1006 , 23.0 , 28.0 , 24.26 , 
1007 , 23.0 , 30.0 , 24.44 , 
1008 , 23.0 , 30.0 , 24.44 , 
1009 , 23.0 , 29.0 , 24.7 , 
1010 , 23.0 , 29.0 , 24.74 , 
1011 , 23.0 , 27.0 , 24.18 , 
1012 , 23.0 , 29.0 , 24.28 , 
1013 , 23.0 , 30.0 , 24.7 , 
1014 , 23.0 , 29.0 , 24.2 , 
1015 , 23.0 , 32.0 , 24.56 , 
1016 , 23.0 , 29.0 , 24.52 , 
1017 , 23.0 , 27.0 , 24.2 , 
1018 , 23.0 , 30.0 , 24.42 , 
1019 , 23.0 , 30.0 , 24.48 , 
1020 , 23.0 , 28.0 , 24.22 , 
1021 , 23.0 , 30.0 , 24.28 , 
1022 , 23.0 , 29.0 , 24.54 , 
1023 , 23.0 , 29.0 , 24.32 , 
1024 , 23.0 , 28.0 , 24.52 , 
1025 , 23.0 , 31.0 , 24.56 , 
1026 , 23.0 , 28.0 , 23.9 , 
1027 , 23.0 , 30.0 , 24.6 , 
1028 , 23.0 , 32.0 , 24.46 , 
1029 , 23.0 , 29.0 , 24.18 , 
1030 , 23.0 , 29.0 , 24.42 , 
1031 , 23.0 , 29.0 , 24.44 , 
1032 , 23.0 , 30.0 , 24.46 , 
1033 , 23.0 , 29.0 , 24.64 , 
1034 , 23.0 , 28.0 , 24.52 , 
1035 , 23.0 , 29.0 , 24.16 , 
1036 , 23.0 , 30.0 , 24.8 , 
1037 , 23.0 , 28.0 , 24.16 , 
1038 , 23.0 , 28.0 , 24.24 , 
1039 , 23.0 , 28.0 , 24.34 , 
1040 , 23.0 , 27.0 , 24.16 , 
1041 , 23.0 , 27.0 , 24.4 , 
1042 , 23.0 , 28.0 , 24.76 , 
1043 , 23.0 , 28.0 , 24.38 , 
1044 , 23.0 , 29.0 , 24.36 , 
1045 , 23.0 , 30.0 , 24.32 , 
1046 , 23.0 , 31.0 , 24.42 , 
1047 , 23.0 , 30.0 , 24.76 , 
1048 , 23.0 , 32.0 , 24.42 , 
1049 , 23.0 , 27.0 , 24.22 , 
1050 , 23.0 , 31.0 , 24.44 , 
1051 , 23.0 , 29.0 , 24.38 , 
1052 , 23.0 , 29.0 , 24.78 , 
1053 , 23.0 , 32.0 , 24.78 , 
1054 , 23.0 , 29.0 , 24.34 , 
1055 , 23.0 , 28.0 , 24.12 , 
1056 , 23.0 , 31.0 , 24.46 , 
1057 , 23.0 , 34.0 , 24.88 , 
1058 , 23.0 , 29.0 , 24.38 , 
1059 , 23.0 , 28.0 , 24.48 , 
1060 , 23.0 , 29.0 , 24.32 , 
1061 , 23.0 , 27.0 , 23.9 , 
1062 , 23.0 , 28.0 , 23.92 , 
1063 , 23.0 , 30.0 , 24.3 , 
1064 , 23.0 , 27.0 , 24.3 , 
1065 , 23.0 , 29.0 , 24.46 , 
1066 , 23.0 , 29.0 , 24.32 , 
1067 , 23.0 , 30.0 , 24.6 , 
1068 , 23.0 , 29.0 , 24.28 , 
1069 , 23.0 , 29.0 , 24.16 , 
1070 , 23.0 , 28.0 , 24.18 , 
1071 , 23.0 , 30.0 , 24.14 , 
1072 , 23.0 , 28.0 , 24.02 , 
1073 , 23.0 , 29.0 , 24.08 , 
1074 , 23.0 , 31.0 , 24.56 , 
1075 , 23.0 , 28.0 , 24.1 , 
1076 , 23.0 , 30.0 , 24.52 , 
1077 , 23.0 , 29.0 , 24.12 , 
1078 , 23.0 , 28.0 , 24.22 , 
1079 , 23.0 , 28.0 , 24.18 , 
1080 , 23.0 , 29.0 , 24.38 , 
1081 , 23.0 , 29.0 , 24.2 , 
1082 , 23.0 , 31.0 , 24.56 , 
1083 , 23.0 , 30.0 , 24.14 , 
1084 , 23.0 , 30.0 , 24.16 , 
1085 , 23.0 , 29.0 , 24.3 , 
1086 , 23.0 , 29.0 , 24.3 , 
1087 , 23.0 , 31.0 , 24.38 , 
1088 , 23.0 , 29.0 , 24.24 , 
1089 , 23.0 , 30.0 , 24.16 , 
1090 , 23.0 , 29.0 , 24.3 , 
1091 , 23.0 , 28.0 , 24.16 , 
1092 , 23.0 , 30.0 , 24.28 , 
1093 , 23.0 , 29.0 , 24.52 , 
1094 , 23.0 , 29.0 , 24.24 , 
1095 , 23.0 , 29.0 , 24.16 , 
1096 , 23.0 , 30.0 , 24.32 , 
1097 , 23.0 , 28.0 , 24.28 , 
1098 , 23.0 , 30.0 , 24.5 , 
1099 , 23.0 , 28.0 , 24.16 , 
1100 , 23.0 , 28.0 , 24.22 , 
1101 , 23.0 , 31.0 , 24.42 , 
1102 , 23.0 , 29.0 , 24.5 , 
1103 , 23.0 , 30.0 , 24.28 , 
1104 , 23.0 , 29.0 , 24.12 , 
1105 , 23.0 , 28.0 , 23.94 , 
1106 , 23.0 , 28.0 , 23.84 , 
1107 , 23.0 , 29.0 , 24.06 , 
1108 , 23.0 , 30.0 , 24.58 , 
1109 , 23.0 , 28.0 , 24.24 , 
1110 , 23.0 , 28.0 , 24.06 , 
1111 , 23.0 , 27.0 , 24.1 , 
1112 , 23.0 , 28.0 , 24.1 , 
1113 , 23.0 , 29.0 , 24.16 , 
1114 , 23.0 , 27.0 , 24.26 , 
1115 , 23.0 , 29.0 , 24.12 , 
1116 , 23.0 , 29.0 , 24.44 , 
1117 , 23.0 , 28.0 , 24.14 , 
1118 , 23.0 , 30.0 , 24.22 , 
1119 , 23.0 , 29.0 , 24.42 , 
1120 , 23.0 , 27.0 , 24.06 , 
1121 , 23.0 , 30.0 , 24.06 , 
1122 , 23.0 , 28.0 , 24.1 , 
1123 , 23.0 , 29.0 , 24.24 , 
1124 , 23.0 , 29.0 , 24.22 , 
1125 , 23.0 , 29.0 , 24.26 , 
1126 , 23.0 , 29.0 , 24.5 , 
1127 , 23.0 , 28.0 , 24.28 , 
1128 , 23.0 , 31.0 , 24.3 , 
1129 , 23.0 , 28.0 , 23.9 , 
1130 , 23.0 , 29.0 , 24.08 , 
1131 , 23.0 , 29.0 , 24.12 , 
1132 , 23.0 , 28.0 , 24.3 , 
1133 , 23.0 , 29.0 , 24.1 , 
1134 , 23.0 , 30.0 , 24.34 , 
1135 , 23.0 , 29.0 , 23.66 , 
1136 , 23.0 , 30.0 , 24.16 , 
1137 , 23.0 , 29.0 , 24.18 , 
1138 , 23.0 , 28.0 , 24.32 , 
1139 , 23.0 , 27.0 , 23.88 , 
1140 , 23.0 , 29.0 , 24.14 , 
1141 , 23.0 , 31.0 , 24.7 , 
1142 , 23.0 , 31.0 , 24.02 , 
1143 , 23.0 , 29.0 , 24.42 , 
1144 , 23.0 , 29.0 , 24.26 , 
1145 , 23.0 , 28.0 , 24.14 , 
1146 , 23.0 , 28.0 , 24.04 , 
1147 , 23.0 , 27.0 , 23.82 , 
1148 , 23.0 , 31.0 , 24.12 , 
1149 , 23.0 , 27.0 , 23.98 , 
1150 , 23.0 , 29.0 , 24.42 , 
1151 , 23.0 , 30.0 , 24.18 , 
1152 , 23.0 , 28.0 , 24.16 , 
1153 , 23.0 , 31.0 , 24.06 , 
1154 , 23.0 , 28.0 , 24.06 , 
1155 , 23.0 , 28.0 , 24.26 , 
1156 , 23.0 , 29.0 , 24.12 , 
1157 , 23.0 , 27.0 , 24.28 , 
1158 , 23.0 , 29.0 , 24.22 , 
1159 , 23.0 , 29.0 , 24.4 , 
1160 , 23.0 , 27.0 , 23.96 , 
1161 , 23.0 , 28.0 , 23.92 , 
1162 , 23.0 , 30.0 , 24.24 , 
1163 , 23.0 , 27.0 , 24.14 , 
1164 , 23.0 , 28.0 , 24.26 , 
1165 , 23.0 , 28.0 , 24.04 , 
1166 , 23.0 , 28.0 , 24.36 , 
1167 , 23.0 , 27.0 , 23.98 , 
1168 , 23.0 , 27.0 , 24.02 , 
1169 , 23.0 , 29.0 , 24.16 , 
1170 , 23.0 , 27.0 , 24.28 , 
1171 , 23.0 , 28.0 , 23.98 , 
1172 , 23.0 , 27.0 , 23.96 , 
1173 , 23.0 , 30.0 , 24.48 , 
1174 , 23.0 , 30.0 , 24.3 , 
1175 , 23.0 , 28.0 , 24.06 , 
1176 , 23.0 , 29.0 , 24.14 , 
1177 , 23.0 , 27.0 , 23.9 , 
1178 , 23.0 , 30.0 , 24.28 , 
1179 , 23.0 , 26.0 , 23.98 , 
1180 , 23.0 , 27.0 , 24.0 , 
1181 , 23.0 , 28.0 , 24.34 , 
1182 , 23.0 , 29.0 , 24.28 , 
1183 , 23.0 , 29.0 , 24.5 , 
1184 , 23.0 , 29.0 , 24.06 , 
1185 , 23.0 , 28.0 , 24.42 , 
1186 , 23.0 , 29.0 , 23.78 , 
1187 , 23.0 , 28.0 , 24.18 , 
1188 , 23.0 , 29.0 , 23.88 , 
1189 , 23.0 , 28.0 , 24.1 , 
1190 , 23.0 , 29.0 , 24.38 , 
1191 , 23.0 , 27.0 , 23.82 , 
1192 , 23.0 , 30.0 , 24.08 , 
1193 , 23.0 , 29.0 , 23.96 , 
1194 , 23.0 , 27.0 , 24.2 , 
1195 , 23.0 , 30.0 , 24.18 , 
1196 , 23.0 , 29.0 , 24.32 , 
1197 , 23.0 , 30.0 , 24.2 , 
1198 , 23.0 , 30.0 , 24.12 , 
1199 , 23.0 , 31.0 , 24.3 , 
1200 , 23.0 , 29.0 , 24.04 , 
1201 , 23.0 , 28.0 , 24.06 , 
1202 , 23.0 , 29.0 , 24.32 , 
1203 , 23.0 , 28.0 , 24.36 , 
1204 , 23.0 , 27.0 , 23.96 , 
1205 , 23.0 , 29.0 , 24.38 , 
1206 , 23.0 , 30.0 , 23.88 , 
1207 , 23.0 , 28.0 , 24.14 , 
1208 , 23.0 , 29.0 , 24.1 , 
1209 , 23.0 , 29.0 , 24.08 , 
1210 , 23.0 , 29.0 , 23.9 , 
1211 , 23.0 , 28.0 , 23.76 , 
1212 , 23.0 , 29.0 , 24.08 , 
1213 , 23.0 , 32.0 , 24.18 , 
1214 , 23.0 , 30.0 , 23.86 , 
1215 , 23.0 , 27.0 , 23.66 , 
1216 , 23.0 , 31.0 , 24.08 , 
1217 , 23.0 , 30.0 , 23.96 , 
1218 , 23.0 , 28.0 , 24.08 , 
1219 , 23.0 , 29.0 , 24.22 , 
1220 , 23.0 , 26.0 , 23.66 , 
1221 , 23.0 , 28.0 , 24.14 , 
1222 , 23.0 , 28.0 , 23.84 , 
1223 , 23.0 , 27.0 , 23.96 , 
1224 , 23.0 , 29.0 , 24.24 , 
1225 , 23.0 , 29.0 , 24.22 , 
1226 , 23.0 , 30.0 , 24.1 , 
1227 , 23.0 , 30.0 , 24.06 , 
1228 , 23.0 , 29.0 , 23.98 , 
1229 , 23.0 , 29.0 , 24.16 , 
1230 , 23.0 , 31.0 , 24.36 , 
1231 , 23.0 , 27.0 , 23.74 , 
1232 , 23.0 , 28.0 , 24.04 , 
1233 , 23.0 , 28.0 , 23.88 , 
1234 , 23.0 , 30.0 , 24.16 , 
1235 , 23.0 , 29.0 , 23.98 , 
1236 , 23.0 , 30.0 , 24.22 , 
1237 , 23.0 , 28.0 , 23.8 , 
1238 , 23.0 , 30.0 , 23.88 , 
1239 , 23.0 , 27.0 , 24.06 , 
1240 , 23.0 , 29.0 , 23.96 , 
1241 , 23.0 , 28.0 , 24.02 , 
1242 , 23.0 , 29.0 , 23.86 , 
1243 , 23.0 , 30.0 , 24.52 , 
1244 , 23.0 , 29.0 , 24.1 , 
1245 , 23.0 , 29.0 , 24.22 , 
1246 , 23.0 , 29.0 , 23.82 , 
1247 , 23.0 , 28.0 , 24.14 , 
1248 , 23.0 , 29.0 , 24.1 , 
1249 , 23.0 , 27.0 , 23.7 , 
1250 , 23.0 , 28.0 , 23.96 , 
1251 , 23.0 , 31.0 , 24.16 , 
1252 , 23.0 , 27.0 , 23.44 , 
1253 , 23.0 , 30.0 , 24.12 , 
1254 , 23.0 , 29.0 , 23.92 , 
1255 , 23.0 , 27.0 , 24.18 , 
1256 , 23.0 , 28.0 , 24.06 , 
1257 , 23.0 , 27.0 , 24.02 , 
1258 , 23.0 , 29.0 , 24.04 , 
1259 , 23.0 , 29.0 , 24.0 , 
1260 , 23.0 , 30.0 , 24.5 , 
1261 , 23.0 , 27.0 , 24.04 , 
1262 , 23.0 , 31.0 , 24.28 , 
1263 , 23.0 , 27.0 , 23.96 , 
1264 , 23.0 , 29.0 , 24.0 , 
1265 , 23.0 , 28.0 , 24.0 , 
1266 , 23.0 , 27.0 , 24.0 , 
1267 , 23.0 , 26.0 , 23.58 , 
1268 , 23.0 , 29.0 , 23.8 , 
1269 , 23.0 , 27.0 , 23.68 , 
1270 , 23.0 , 30.0 , 24.28 , 
1271 , 23.0 , 30.0 , 23.78 , 
1272 , 23.0 , 28.0 , 23.84 , 
1273 , 23.0 , 29.0 , 24.04 , 
1274 , 23.0 , 28.0 , 23.88 , 
1275 , 23.0 , 28.0 , 24.12 , 
1276 , 23.0 , 28.0 , 24.18 , 
1277 , 23.0 , 29.0 , 24.04 , 
1278 , 23.0 , 31.0 , 24.16 , 
1279 , 23.0 , 30.0 , 24.3 , 
1280 , 23.0 , 28.0 , 23.76 , 
1281 , 23.0 , 28.0 , 24.16 , 
1282 , 23.0 , 28.0 , 24.06 , 
1283 , 23.0 , 27.0 , 23.68 , 
1284 , 23.0 , 30.0 , 23.96 , 
1285 , 23.0 , 26.0 , 24.18 , 
1286 , 23.0 , 26.0 , 23.84 , 
1287 , 23.0 , 31.0 , 24.16 , 
1288 , 23.0 , 28.0 , 24.0 , 
1289 , 23.0 , 29.0 , 24.1 , 
1290 , 23.0 , 29.0 , 23.96 , 
1291 , 23.0 , 27.0 , 23.72 , 
1292 , 23.0 , 26.0 , 23.72 , 
1293 , 23.0 , 28.0 , 23.92 , 
1294 , 23.0 , 28.0 , 24.1 , 
1295 , 23.0 , 29.0 , 23.98 , 
1296 , 23.0 , 29.0 , 24.18 , 
1297 , 23.0 , 28.0 , 24.0 , 
1298 , 23.0 , 27.0 , 23.84 , 
1299 , 23.0 , 29.0 , 24.22 , 
1300 , 23.0 , 28.0 , 23.94 , 
1301 , 23.0 , 28.0 , 24.16 , 
1302 , 23.0 , 28.0 , 24.08 , 
1303 , 23.0 , 27.0 , 23.88 , 
1304 , 23.0 , 28.0 , 24.0 , 
1305 , 23.0 , 28.0 , 23.98 , 
1306 , 23.0 , 28.0 , 23.66 , 
1307 , 23.0 , 28.0 , 23.9 , 
1308 , 23.0 , 28.0 , 23.96 , 
1309 , 23.0 , 28.0 , 23.96 , 
1310 , 23.0 , 27.0 , 23.78 , 
1311 , 23.0 , 28.0 , 24.22 , 
1312 , 23.0 , 28.0 , 23.7 , 
1313 , 23.0 , 29.0 , 24.14 , 
1314 , 23.0 , 28.0 , 23.9 , 
1315 , 23.0 , 26.0 , 23.78 , 
1316 , 23.0 , 31.0 , 24.22 , 
1317 , 23.0 , 28.0 , 23.82 , 
1318 , 23.0 , 29.0 , 24.14 , 
1319 , 23.0 , 26.0 , 23.68 , 
1320 , 23.0 , 27.0 , 24.18 , 
1321 , 23.0 , 29.0 , 23.92 , 
1322 , 23.0 , 28.0 , 23.76 , 
1323 , 23.0 , 29.0 , 24.2 , 
1324 , 23.0 , 29.0 , 23.88 , 
1325 , 23.0 , 29.0 , 23.94 , 
1326 , 23.0 , 29.0 , 23.98 , 
1327 , 23.0 , 28.0 , 23.9 , 
1328 , 23.0 , 28.0 , 23.66 , 
1329 , 23.0 , 31.0 , 23.98 , 
1330 , 23.0 , 29.0 , 23.9 , 
1331 , 23.0 , 29.0 , 23.72 , 
1332 , 23.0 , 29.0 , 24.14 , 
1333 , 23.0 , 29.0 , 23.98 , 
1334 , 23.0 , 28.0 , 24.12 , 
1335 , 23.0 , 27.0 , 23.76 , 
1336 , 23.0 , 31.0 , 24.44 , 
1337 , 23.0 , 26.0 , 23.74 , 
1338 , 23.0 , 28.0 , 23.98 , 
1339 , 23.0 , 28.0 , 23.82 , 
1340 , 23.0 , 29.0 , 24.18 , 
1341 , 23.0 , 29.0 , 23.74 , 
1342 , 23.0 , 27.0 , 23.76 , 
1343 , 23.0 , 26.0 , 23.8 , 
1344 , 23.0 , 30.0 , 23.9 , 
1345 , 23.0 , 28.0 , 23.98 , 
1346 , 23.0 , 27.0 , 23.72 , 
1347 , 23.0 , 28.0 , 24.1 , 
1348 , 23.0 , 27.0 , 23.98 , 
1349 , 23.0 , 28.0 , 23.72 , 
1350 , 23.0 , 29.0 , 23.86 , 
1351 , 23.0 , 29.0 , 23.92 , 
1352 , 23.0 , 30.0 , 23.7 , 
1353 , 23.0 , 28.0 , 24.14 , 
1354 , 23.0 , 27.0 , 23.98 , 
1355 , 23.0 , 30.0 , 24.02 , 
1356 , 23.0 , 28.0 , 23.7 , 
1357 , 23.0 , 29.0 , 23.94 , 
1358 , 23.0 , 28.0 , 24.18 , 
1359 , 23.0 , 27.0 , 23.94 , 
1360 , 23.0 , 30.0 , 24.2 , 
1361 , 23.0 , 27.0 , 23.84 , 
1362 , 23.0 , 28.0 , 23.9 , 
1363 , 23.0 , 28.0 , 23.78 , 
1364 , 23.0 , 28.0 , 23.88 , 
1365 , 23.0 , 30.0 , 24.02 , 
1366 , 23.0 , 27.0 , 23.76 , 
1367 , 23.0 , 29.0 , 23.74 , 
1368 , 23.0 , 27.0 , 23.88 , 
1369 , 23.0 , 27.0 , 23.76 , 
1370 , 23.0 , 27.0 , 23.72 , 
1371 , 23.0 , 27.0 , 23.86 , 
1372 , 23.0 , 26.0 , 23.72 , 
1373 , 23.0 , 29.0 , 23.86 , 
1374 , 23.0 , 27.0 , 23.72 , 
1375 , 23.0 , 28.0 , 23.78 , 
1376 , 23.0 , 29.0 , 24.02 , 
1377 , 23.0 , 29.0 , 23.98 , 
1378 , 23.0 , 28.0 , 23.88 , 
1379 , 23.0 , 28.0 , 23.94 , 
1380 , 23.0 , 31.0 , 23.9 , 
1381 , 23.0 , 28.0 , 23.56 , 
1382 , 23.0 , 31.0 , 24.2 , 
1383 , 23.0 , 28.0 , 23.7 , 
1384 , 23.0 , 29.0 , 24.22 , 
1385 , 23.0 , 30.0 , 24.2 , 
1386 , 23.0 , 28.0 , 23.96 , 
1387 , 23.0 , 29.0 , 24.0 , 
1388 , 23.0 , 29.0 , 23.74 , 
1389 , 23.0 , 27.0 , 23.86 , 
1390 , 23.0 , 29.0 , 24.16 , 
1391 , 23.0 , 31.0 , 23.94 , 
1392 , 23.0 , 28.0 , 23.8 , 
1393 , 23.0 , 31.0 , 24.02 , 
1394 , 23.0 , 27.0 , 23.94 , 
1395 , 23.0 , 30.0 , 24.1 , 
1396 , 23.0 , 28.0 , 23.6 , 
1397 , 23.0 , 28.0 , 23.8 , 
1398 , 23.0 , 30.0 , 23.78 , 
1399 , 23.0 , 26.0 , 23.58 , 
1400 , 23.0 , 26.0 , 23.72 , 
1401 , 23.0 , 28.0 , 23.72 , 
1402 , 23.0 , 28.0 , 24.02 , 
1403 , 23.0 , 26.0 , 23.66 , 
1404 , 23.0 , 29.0 , 23.88 , 
1405 , 23.0 , 27.0 , 23.74 , 
1406 , 23.0 , 30.0 , 24.08 , 
1407 , 23.0 , 30.0 , 23.94 , 
1408 , 23.0 , 29.0 , 23.76 , 
1409 , 23.0 , 30.0 , 23.96 , 
1410 , 23.0 , 30.0 , 24.04 , 
1411 , 23.0 , 27.0 , 23.96 , 
1412 , 23.0 , 29.0 , 23.9 , 
1413 , 23.0 , 31.0 , 24.02 , 
1414 , 23.0 , 28.0 , 23.84 , 
1415 , 23.0 , 28.0 , 23.94 , 
1416 , 23.0 , 30.0 , 24.22 , 
1417 , 23.0 , 27.0 , 23.56 , 
1418 , 23.0 , 29.0 , 23.84 , 
1419 , 23.0 , 26.0 , 23.92 , 
1420 , 23.0 , 26.0 , 23.74 , 
1421 , 23.0 , 27.0 , 23.9 , 
1422 , 23.0 , 26.0 , 23.76 , 
1423 , 23.0 , 28.0 , 23.98 , 
1424 , 23.0 , 26.0 , 23.6 , 
1425 , 23.0 , 26.0 , 23.76 , 
1426 , 23.0 , 28.0 , 24.04 , 
1427 , 23.0 , 27.0 , 23.74 , 
1428 , 23.0 , 29.0 , 23.74 , 
1429 , 23.0 , 27.0 , 23.74 , 
1430 , 23.0 , 26.0 , 23.66 , 
1431 , 23.0 , 27.0 , 23.68 , 
1432 , 23.0 , 27.0 , 23.9 , 
1433 , 23.0 , 27.0 , 23.78 , 
1434 , 23.0 , 26.0 , 23.66 , 
1435 , 23.0 , 29.0 , 23.88 , 
1436 , 23.0 , 27.0 , 23.84 , 
1437 , 23.0 , 30.0 , 23.62 , 
1438 , 23.0 , 28.0 , 23.78 , 
1439 , 23.0 , 28.0 , 23.74 , 
1440 , 23.0 , 28.0 , 23.8 , 
1441 , 23.0 , 27.0 , 23.66 , 
1442 , 23.0 , 28.0 , 23.86 , 
1443 , 23.0 , 26.0 , 23.56 , 
1444 , 23.0 , 26.0 , 23.84 , 
1445 , 23.0 , 27.0 , 23.52 , 
1446 , 23.0 , 29.0 , 23.66 , 
1447 , 23.0 , 31.0 , 24.04 , 
1448 , 23.0 , 28.0 , 23.88 , 
1449 , 23.0 , 28.0 , 23.94 , 
1450 , 23.0 , 29.0 , 24.18 , 
1451 , 23.0 , 27.0 , 23.84 , 
1452 , 23.0 , 27.0 , 23.4 , 
1453 , 23.0 , 27.0 , 24.04 , 
1454 , 23.0 , 27.0 , 23.92 , 
1455 , 23.0 , 28.0 , 24.04 , 
1456 , 23.0 , 31.0 , 24.02 , 
1457 , 23.0 , 27.0 , 23.82 , 
1458 , 23.0 , 26.0 , 23.84 , 
1459 , 23.0 , 28.0 , 23.94 , 
1460 , 23.0 , 28.0 , 23.64 , 
1461 , 23.0 , 32.0 , 24.2 , 
1462 , 23.0 , 30.0 , 23.88 , 
1463 , 23.0 , 29.0 , 24.04 , 
1464 , 23.0 , 28.0 , 23.6 , 
1465 , 23.0 , 28.0 , 24.06 , 
1466 , 23.0 , 29.0 , 23.72 , 
1467 , 23.0 , 28.0 , 23.8 , 
1468 , 23.0 , 28.0 , 23.88 , 
1469 , 23.0 , 29.0 , 23.72 , 
1470 , 23.0 , 30.0 , 23.96 , 
1471 , 23.0 , 26.0 , 23.7 , 
1472 , 23.0 , 30.0 , 24.04 , 
1473 , 23.0 , 30.0 , 24.0 , 
1474 , 23.0 , 26.0 , 23.88 , 
1475 , 23.0 , 27.0 , 23.84 , 
1476 , 23.0 , 28.0 , 23.82 , 
1477 , 23.0 , 26.0 , 23.72 , 
1478 , 23.0 , 27.0 , 23.86 , 
1479 , 23.0 , 28.0 , 24.08 , 
1480 , 23.0 , 28.0 , 24.2 , 
1481 , 23.0 , 26.0 , 24.08 , 
1482 , 23.0 , 28.0 , 24.0 , 
1483 , 23.0 , 27.0 , 24.02 , 
1484 , 23.0 , 26.0 , 23.84 , 
1485 , 23.0 , 26.0 , 23.74 , 
1486 , 23.0 , 27.0 , 23.98 , 
1487 , 23.0 , 28.0 , 23.94 , 
1488 , 23.0 , 29.0 , 24.02 , 
1489 , 23.0 , 28.0 , 24.14 , 
1490 , 23.0 , 29.0 , 24.14 , 
1491 , 23.0 , 27.0 , 24.0 , 
1492 , 23.0 , 27.0 , 24.12 , 
1493 , 23.0 , 27.0 , 24.1 , 
1494 , 23.0 , 27.0 , 23.7 , 
1495 , 23.0 , 27.0 , 23.84 , 
1496 , 23.0 , 27.0 , 23.94 , 
1497 , 23.0 , 28.0 , 23.9 , 
1498 , 23.0 , 26.0 , 23.76 , 
1499 , 23.0 , 27.0 , 23.68 , 
1500 , 23.0 , 28.0 , 24.02 , 
1501 , 23.0 , 27.0 , 24.18 , 
1502 , 23.0 , 28.0 , 23.86 , 
1503 , 23.0 , 28.0 , 24.1 , 
1504 , 23.0 , 27.0 , 24.1 , 
1505 , 23.0 , 26.0 , 23.9 , 
1506 , 23.0 , 27.0 , 23.96 , 
1507 , 23.0 , 28.0 , 24.0 , 
1508 , 23.0 , 27.0 , 24.18 , 
1509 , 23.0 , 26.0 , 23.98 , 
1510 , 23.0 , 26.0 , 23.86 , 
1511 , 23.0 , 27.0 , 23.98 , 
1512 , 23.0 , 27.0 , 23.76 , 
1513 , 23.0 , 26.0 , 23.92 , 
1514 , 23.0 , 26.0 , 23.98 , 
1515 , 23.0 , 27.0 , 24.14 , 
1516 , 23.0 , 27.0 , 24.16 , 
1517 , 23.0 , 26.0 , 23.88 , 
1518 , 23.0 , 29.0 , 23.9 , 
1519 , 23.0 , 26.0 , 23.86 , 
1520 , 23.0 , 29.0 , 24.14 , 
1521 , 23.0 , 27.0 , 23.84 , 
1522 , 23.0 , 27.0 , 24.04 , 
1523 , 23.0 , 29.0 , 24.04 , 
1524 , 23.0 , 27.0 , 23.92 , 
1525 , 23.0 , 27.0 , 24.18 , 
1526 , 23.0 , 26.0 , 24.02 , 
1527 , 23.0 , 27.0 , 24.2 , 
1528 , 23.0 , 26.0 , 23.88 , 
1529 , 23.0 , 27.0 , 23.92 , 
1530 , 23.0 , 28.0 , 24.26 , 
1531 , 23.0 , 26.0 , 23.96 , 
1532 , 23.0 , 28.0 , 24.02 , 
1533 , 23.0 , 26.0 , 24.08 , 
1534 , 23.0 , 26.0 , 23.84 , 
1535 , 23.0 , 29.0 , 24.12 , 
1536 , 23.0 , 26.0 , 24.16 , 
1537 , 23.0 , 26.0 , 23.92 , 
1538 , 23.0 , 26.0 , 23.86 , 
1539 , 23.0 , 27.0 , 24.24 , 
1540 , 23.0 , 27.0 , 23.9 , 
1541 , 23.0 , 27.0 , 24.1 , 
1542 , 23.0 , 26.0 , 23.96 , 
1543 , 23.0 , 27.0 , 23.72 , 
1544 , 23.0 , 26.0 , 24.08 , 
1545 , 23.0 , 26.0 , 23.9 , 
1546 , 23.0 , 26.0 , 23.88 , 
1547 , 23.0 , 28.0 , 23.94 , 
1548 , 23.0 , 27.0 , 23.7 , 
1549 , 23.0 , 27.0 , 23.9 , 
1550 , 23.0 , 29.0 , 23.98 , 
1551 , 23.0 , 26.0 , 23.94 , 
1552 , 23.0 , 26.0 , 23.8 , 
1553 , 23.0 , 28.0 , 23.9 , 
1554 , 23.0 , 26.0 , 23.84 , 
1555 , 23.0 , 28.0 , 24.24 , 
1556 , 23.0 , 26.0 , 23.86 , 
1557 , 23.0 , 27.0 , 23.76 , 
1558 , 23.0 , 26.0 , 24.34 , 
1559 , 23.0 , 28.0 , 23.82 , 
1560 , 23.0 , 27.0 , 23.9 , 
1561 , 23.0 , 27.0 , 23.92 , 
1562 , 23.0 , 26.0 , 23.86 , 
1563 , 23.0 , 26.0 , 23.9 , 
1564 , 23.0 , 30.0 , 23.84 , 
1565 , 23.0 , 27.0 , 24.0 , 
1566 , 23.0 , 26.0 , 23.84 , 
1567 , 23.0 , 26.0 , 23.88 , 
1568 , 23.0 , 26.0 , 23.58 , 
1569 , 23.0 , 26.0 , 23.66 , 
1570 , 23.0 , 26.0 , 23.72 , 
1571 , 23.0 , 26.0 , 23.64 , 
1572 , 23.0 , 26.0 , 23.68 , 
1573 , 23.0 , 29.0 , 23.88 , 
1574 , 23.0 , 26.0 , 23.8 , 
1575 , 23.0 , 27.0 , 23.92 , 
1576 , 23.0 , 26.0 , 23.96 , 
1577 , 23.0 , 27.0 , 23.68 , 
1578 , 23.0 , 29.0 , 23.98 , 
1579 , 23.0 , 26.0 , 23.88 , 
1580 , 23.0 , 27.0 , 23.68 , 
1581 , 23.0 , 29.0 , 23.76 , 
1582 , 23.0 , 29.0 , 23.92 , 
1583 , 23.0 , 26.0 , 23.68 , 
1584 , 23.0 , 27.0 , 23.8 , 
1585 , 23.0 , 27.0 , 23.54 , 
1586 , 23.0 , 26.0 , 23.54 , 
1587 , 23.0 , 26.0 , 23.68 , 
1588 , 23.0 , 26.0 , 23.78 , 
1589 , 23.0 , 26.0 , 23.7 , 
1590 , 23.0 , 26.0 , 23.48 , 
1591 , 23.0 , 26.0 , 23.72 , 
1592 , 23.0 , 27.0 , 23.86 , 
1593 , 23.0 , 26.0 , 23.78 , 
1594 , 23.0 , 26.0 , 23.6 , 
1595 , 23.0 , 29.0 , 23.92 , 
1596 , 23.0 , 26.0 , 23.76 , 
1597 , 23.0 , 27.0 , 23.72 , 
1598 , 23.0 , 27.0 , 23.74 , 
1599 , 23.0 , 27.0 , 23.74 , 
1600 , 23.0 , 26.0 , 23.68 , 
1601 , 23.0 , 29.0 , 23.96 , 
1602 , 23.0 , 26.0 , 23.7 , 
1603 , 23.0 , 27.0 , 23.8 , 
1604 , 23.0 , 27.0 , 23.76 , 
1605 , 23.0 , 26.0 , 23.58 , 
1606 , 23.0 , 27.0 , 23.72 , 
1607 , 23.0 , 26.0 , 23.7 , 
1608 , 23.0 , 26.0 , 23.78 , 
1609 , 23.0 , 29.0 , 23.64 , 
1610 , 23.0 , 26.0 , 23.7 , 
1611 , 23.0 , 26.0 , 23.52 , 
1612 , 23.0 , 26.0 , 23.6 , 
1613 , 23.0 , 27.0 , 23.74 , 
1614 , 23.0 , 26.0 , 23.78 , 
1615 , 23.0 , 26.0 , 23.78 , 
1616 , 23.0 , 26.0 , 23.68 , 
1617 , 23.0 , 27.0 , 23.56 , 
1618 , 23.0 , 27.0 , 23.66 , 
1619 , 23.0 , 29.0 , 23.88 , 
1620 , 23.0 , 29.0 , 23.84 , 
1621 , 23.0 , 27.0 , 23.96 , 
1622 , 23.0 , 26.0 , 23.7 , 
1623 , 23.0 , 26.0 , 23.68 , 
1624 , 23.0 , 29.0 , 24.04 , 
1625 , 23.0 , 26.0 , 23.68 , 
1626 , 23.0 , 27.0 , 23.7 , 
1627 , 23.0 , 26.0 , 23.64 , 
1628 , 23.0 , 29.0 , 23.78 , 
1629 , 23.0 , 27.0 , 23.74 , 
1630 , 23.0 , 26.0 , 23.86 , 
1631 , 23.0 , 27.0 , 23.96 , 
1632 , 23.0 , 26.0 , 23.54 , 
1633 , 23.0 , 26.0 , 23.62 , 
1634 , 23.0 , 27.0 , 23.5 , 
1635 , 23.0 , 28.0 , 23.92 , 
1636 , 23.0 , 26.0 , 23.78 , 
1637 , 23.0 , 26.0 , 24.0 , 
1638 , 23.0 , 27.0 , 24.0 , 
1639 , 23.0 , 26.0 , 23.8 , 
1640 , 23.0 , 26.0 , 23.76 , 
1641 , 23.0 , 26.0 , 23.58 , 
1642 , 23.0 , 26.0 , 23.86 , 
1643 , 23.0 , 28.0 , 24.0 , 
1644 , 23.0 , 27.0 , 23.76 , 
1645 , 23.0 , 26.0 , 23.46 , 
1646 , 23.0 , 26.0 , 23.72 , 
1647 , 23.0 , 26.0 , 23.72 , 
1648 , 23.0 , 26.0 , 23.7 , 
1649 , 23.0 , 26.0 , 23.92 , 
1650 , 23.0 , 27.0 , 23.68 , 
1651 , 23.0 , 26.0 , 23.86 , 
1652 , 23.0 , 26.0 , 23.74 , 
1653 , 23.0 , 27.0 , 23.9 , 
1654 , 23.0 , 26.0 , 23.98 , 
1655 , 23.0 , 26.0 , 23.88 , 
1656 , 23.0 , 26.0 , 23.82 , 
1657 , 23.0 , 27.0 , 23.94 , 
1658 , 23.0 , 26.0 , 24.02 , 
1659 , 23.0 , 29.0 , 24.08 , 
1660 , 23.0 , 27.0 , 23.88 , 
1661 , 23.0 , 28.0 , 23.84 , 
1662 , 23.0 , 26.0 , 24.02 , 
1663 , 23.0 , 29.0 , 23.92 , 
1664 , 23.0 , 29.0 , 23.86 , 
1665 , 23.0 , 26.0 , 23.78 , 
1666 , 23.0 , 26.0 , 23.74 , 
1667 , 23.0 , 26.0 , 23.88 , 
1668 , 23.0 , 26.0 , 23.78 , 
1669 , 23.0 , 26.0 , 23.78 , 
1670 , 23.0 , 27.0 , 23.9 , 
1671 , 23.0 , 26.0 , 23.8 , 
1672 , 23.0 , 26.0 , 23.46 , 
1673 , 23.0 , 26.0 , 23.82 , 
1674 , 23.0 , 26.0 , 23.88 , 
1675 , 23.0 , 29.0 , 23.98 , 
1676 , 23.0 , 27.0 , 24.06 , 
1677 , 23.0 , 26.0 , 23.88 , 
1678 , 23.0 , 27.0 , 23.76 , 
1679 , 23.0 , 27.0 , 24.24 , 
1680 , 23.0 , 27.0 , 23.74 , 
1681 , 23.0 , 29.0 , 24.06 , 
1682 , 23.0 , 27.0 , 24.1 , 
1683 , 23.0 , 26.0 , 23.78 , 
1684 , 23.0 , 26.0 , 23.96 , 
1685 , 23.0 , 26.0 , 23.82 , 
1686 , 23.0 , 27.0 , 24.2 , 
1687 , 23.0 , 26.0 , 24.18 , 
1688 , 23.0 , 26.0 , 24.06 , 
1689 , 23.0 , 26.0 , 23.8 , 
1690 , 23.0 , 26.0 , 24.26 , 
1691 , 23.0 , 26.0 , 24.12 , 
1692 , 23.0 , 26.0 , 24.12 , 
1693 , 23.0 , 26.0 , 23.94 , 
1694 , 23.0 , 26.0 , 24.12 , 
1695 , 23.0 , 26.0 , 23.92 , 
1696 , 23.0 , 26.0 , 24.1 , 
1697 , 23.0 , 26.0 , 23.96 , 
1698 , 23.0 , 26.0 , 24.24 , 
1699 , 23.0 , 26.0 , 24.24 , 
1700 , 23.0 , 26.0 , 23.94 , 
1701 , 23.0 , 29.0 , 23.88 , 
1702 , 23.0 , 27.0 , 23.98 , 
1703 , 23.0 , 27.0 , 24.12 , 
1704 , 23.0 , 27.0 , 24.26 , 
1705 , 23.0 , 27.0 , 24.48 , 
1706 , 23.0 , 27.0 , 24.1 , 
1707 , 23.0 , 27.0 , 24.18 , 
1708 , 23.0 , 26.0 , 24.22 , 
1709 , 23.0 , 29.0 , 23.78 , 
1710 , 23.0 , 26.0 , 24.1 , 
1711 , 23.0 , 27.0 , 24.06 , 
1712 , 23.0 , 27.0 , 24.08 , 
1713 , 23.0 , 26.0 , 24.08 , 
1714 , 23.0 , 29.0 , 24.18 , 
1715 , 23.0 , 26.0 , 23.88 , 
1716 , 23.0 , 26.0 , 24.06 , 
1717 , 23.0 , 26.0 , 23.8 , 
1718 , 23.0 , 27.0 , 24.18 , 
1719 , 23.0 , 29.0 , 24.3 , 
1720 , 23.0 , 26.0 , 23.82 , 
1721 , 23.0 , 26.0 , 24.04 , 
1722 , 23.0 , 27.0 , 24.12 , 
1723 , 23.0 , 29.0 , 24.16 , 
1724 , 23.0 , 27.0 , 24.08 , 
1725 , 23.0 , 26.0 , 23.8 , 
1726 , 23.0 , 26.0 , 24.18 , 
1727 , 23.0 , 29.0 , 23.88 , 
1728 , 23.0 , 27.0 , 24.46 , 
1729 , 23.0 , 29.0 , 24.12 , 
1730 , 23.0 , 26.0 , 23.9 , 
1731 , 23.0 , 26.0 , 24.02 , 
1732 , 23.0 , 26.0 , 23.8 , 
1733 , 23.0 , 28.0 , 24.02 , 
1734 , 23.0 , 27.0 , 24.04 , 
1735 , 23.0 , 27.0 , 23.74 , 
1736 , 23.0 , 27.0 , 23.78 , 
1737 , 23.0 , 26.0 , 24.1 , 
1738 , 23.0 , 26.0 , 24.02 , 
1739 , 23.0 , 26.0 , 23.86 , 
1740 , 23.0 , 26.0 , 23.88 , 
1741 , 23.0 , 26.0 , 24.16 , 
1742 , 23.0 , 29.0 , 23.98 , 
1743 , 23.0 , 29.0 , 23.9 , 
1744 , 23.0 , 29.0 , 24.04 , 
1745 , 23.0 , 29.0 , 23.96 , 
1746 , 23.0 , 26.0 , 23.72 , 
1747 , 23.0 , 26.0 , 24.14 , 
1748 , 23.0 , 26.0 , 23.82 , 
1749 , 23.0 , 26.0 , 24.04 , 
1750 , 23.0 , 26.0 , 23.74 , 
1751 , 23.0 , 26.0 , 23.82 , 
1752 , 23.0 , 27.0 , 23.8 , 
1753 , 23.0 , 26.0 , 23.72 , 
1754 , 23.0 , 26.0 , 23.78 , 
1755 , 23.0 , 26.0 , 23.94 , 
1756 , 23.0 , 29.0 , 24.24 , 
1757 , 23.0 , 26.0 , 23.88 , 
1758 , 23.0 , 26.0 , 23.72 , 
1759 , 23.0 , 28.0 , 23.8 , 
1760 , 23.0 , 27.0 , 23.7 , 
1761 , 23.0 , 26.0 , 23.9 , 
1762 , 23.0 , 27.0 , 23.9 , 
1763 , 23.0 , 29.0 , 23.82 , 
1764 , 23.0 , 27.0 , 23.94 , 
1765 , 23.0 , 26.0 , 23.82 , 
1766 , 23.0 , 26.0 , 23.76 , 
1767 , 23.0 , 27.0 , 23.9 , 
1768 , 23.0 , 26.0 , 24.04 , 
1769 , 23.0 , 27.0 , 24.02 , 
1770 , 23.0 , 27.0 , 24.2 , 
1771 , 23.0 , 26.0 , 23.94 , 
1772 , 23.0 , 27.0 , 23.84 , 
1773 , 23.0 , 27.0 , 23.84 , 
1774 , 23.0 , 26.0 , 24.12 , 
1775 , 23.0 , 26.0 , 23.64 , 
1776 , 23.0 , 27.0 , 23.86 , 
1777 , 23.0 , 27.0 , 23.9 , 
1778 , 23.0 , 27.0 , 23.8 , 
1779 , 23.0 , 27.0 , 23.84 , 
1780 , 23.0 , 26.0 , 23.9 , 
1781 , 23.0 , 26.0 , 24.08 , 
1782 , 23.0 , 27.0 , 24.16 , 
1783 , 23.0 , 27.0 , 23.96 , 
1784 , 23.0 , 28.0 , 24.08 , 
1785 , 23.0 , 26.0 , 23.86 , 
1786 , 23.0 , 28.0 , 23.9 , 
1787 , 23.0 , 26.0 , 23.9 , 
1788 , 23.0 , 27.0 , 24.16 , 
1789 , 23.0 , 26.0 , 23.88 , 
1790 , 23.0 , 27.0 , 24.06 , 
1791 , 23.0 , 26.0 , 23.9 , 
1792 , 23.0 , 27.0 , 24.3 , 
1793 , 23.0 , 26.0 , 24.0 , 
1794 , 23.0 , 27.0 , 24.14 , 
1795 , 23.0 , 27.0 , 24.02 , 
1796 , 23.0 , 28.0 , 24.02 , 
1797 , 23.0 , 27.0 , 24.14 , 
1798 , 23.0 , 26.0 , 24.14 , 
1799 , 23.0 , 26.0 , 23.84 , 
1800 , 23.0 , 27.0 , 24.26 , 
1801 , 23.0 , 27.0 , 24.0 , 
1802 , 23.0 , 27.0 , 24.04 , 
1803 , 23.0 , 27.0 , 24.24 , 
1804 , 23.0 , 27.0 , 24.3 , 
1805 , 23.0 , 27.0 , 23.72 , 
1806 , 23.0 , 27.0 , 24.12 , 
1807 , 23.0 , 26.0 , 23.84 , 
1808 , 23.0 , 26.0 , 23.78 , 
1809 , 23.0 , 27.0 , 23.78 , 
1810 , 23.0 , 27.0 , 24.1 , 
1811 , 23.0 , 27.0 , 24.14 , 
1812 , 23.0 , 27.0 , 24.02 , 
1813 , 23.0 , 27.0 , 23.86 , 
1814 , 23.0 , 27.0 , 24.08 , 
1815 , 23.0 , 26.0 , 23.88 , 
1816 , 23.0 , 26.0 , 23.52 , 
1817 , 23.0 , 26.0 , 23.8 , 
1818 , 23.0 , 27.0 , 23.86 , 
1819 , 23.0 , 26.0 , 23.8 , 
1820 , 23.0 , 26.0 , 23.64 , 
1821 , 23.0 , 27.0 , 23.78 , 
1822 , 23.0 , 26.0 , 23.58 , 
1823 , 23.0 , 27.0 , 23.94 , 
1824 , 23.0 , 26.0 , 23.9 , 
1825 , 23.0 , 27.0 , 23.72 , 
1826 , 23.0 , 26.0 , 23.76 , 
1827 , 23.0 , 26.0 , 23.96 , 
1828 , 23.0 , 26.0 , 24.08 , 
1829 , 23.0 , 26.0 , 23.74 , 
1830 , 23.0 , 27.0 , 23.86 , 
1831 , 23.0 , 27.0 , 23.5 , 
1832 , 23.0 , 27.0 , 23.72 , 
1833 , 23.0 , 27.0 , 23.78 , 
1834 , 23.0 , 27.0 , 23.66 , 
1835 , 23.0 , 26.0 , 23.92 , 
1836 , 23.0 , 27.0 , 23.78 , 
1837 , 23.0 , 25.0 , 23.42 , 
1838 , 23.0 , 27.0 , 23.74 , 
1839 , 23.0 , 27.0 , 23.7 , 
1840 , 23.0 , 27.0 , 23.92 , 
1841 , 23.0 , 26.0 , 23.72 , 
1842 , 23.0 , 26.0 , 23.46 , 
1843 , 23.0 , 26.0 , 23.82 , 
1844 , 23.0 , 27.0 , 23.8 , 
1845 , 23.0 , 27.0 , 23.8 , 
1846 , 23.0 , 27.0 , 24.06 , 
1847 , 23.0 , 26.0 , 23.68 , 
1848 , 23.0 , 27.0 , 23.74 , 
1849 , 23.0 , 26.0 , 23.6 , 
1850 , 23.0 , 29.0 , 23.82 , 
1851 , 23.0 , 26.0 , 23.48 , 
1852 , 23.0 , 26.0 , 23.8 , 
1853 , 23.0 , 26.0 , 23.64 , 
1854 , 23.0 , 26.0 , 23.8 , 
1855 , 23.0 , 28.0 , 23.88 , 
1856 , 23.0 , 27.0 , 23.66 , 
1857 , 23.0 , 25.0 , 23.52 , 
1858 , 23.0 , 26.0 , 23.7 , 
1859 , 23.0 , 26.0 , 23.48 , 
1860 , 23.0 , 27.0 , 23.64 , 
1861 , 23.0 , 27.0 , 23.7 , 
1862 , 23.0 , 27.0 , 23.62 , 
1863 , 23.0 , 26.0 , 23.9 , 
1864 , 23.0 , 26.0 , 23.54 , 
1865 , 23.0 , 26.0 , 23.64 , 
1866 , 23.0 , 26.0 , 23.56 , 
1867 , 23.0 , 26.0 , 23.5 , 
1868 , 23.0 , 29.0 , 23.9 , 
1869 , 23.0 , 26.0 , 23.74 , 
1870 , 23.0 , 27.0 , 23.72 , 
1871 , 23.0 , 26.0 , 23.72 , 
1872 , 23.0 , 26.0 , 23.72 , 
1873 , 23.0 , 26.0 , 23.64 , 
1874 , 23.0 , 25.0 , 23.6 , 
1875 , 23.0 , 26.0 , 23.78 , 
1876 , 23.0 , 26.0 , 23.76 , 
1877 , 23.0 , 27.0 , 23.86 , 
1878 , 23.0 , 26.0 , 23.74 , 
1879 , 23.0 , 26.0 , 23.64 , 
1880 , 23.0 , 27.0 , 23.96 , 
1881 , 23.0 , 29.0 , 23.78 , 
1882 , 23.0 , 26.0 , 23.68 , 
1883 , 23.0 , 26.0 , 23.6 , 
1884 , 23.0 , 27.0 , 23.58 , 
1885 , 23.0 , 27.0 , 23.62 , 
1886 , 23.0 , 26.0 , 23.46 , 
1887 , 23.0 , 26.0 , 23.5 , 
1888 , 23.0 , 26.0 , 23.6 , 
1889 , 23.0 , 27.0 , 23.7 , 
1890 , 23.0 , 27.0 , 23.66 , 
1891 , 23.0 , 26.0 , 23.6 , 
1892 , 23.0 , 26.0 , 23.76 , 
1893 , 23.0 , 26.0 , 23.58 , 
1894 , 23.0 , 27.0 , 23.56 , 
1895 , 23.0 , 26.0 , 23.58 , 
1896 , 23.0 , 27.0 , 23.7 , 
1897 , 23.0 , 26.0 , 23.68 , 
1898 , 23.0 , 28.0 , 23.68 , 
1899 , 23.0 , 26.0 , 23.82 , 
1900 , 23.0 , 27.0 , 23.7 , 
1901 , 23.0 , 27.0 , 23.64 , 
1902 , 23.0 , 27.0 , 23.78 , 
1903 , 23.0 , 26.0 , 23.66 , 
1904 , 23.0 , 26.0 , 23.52 , 
1905 , 23.0 , 26.0 , 23.72 , 
1906 , 23.0 , 26.0 , 23.72 , 
1907 , 23.0 , 26.0 , 23.64 , 
1908 , 23.0 , 27.0 , 23.68 , 
1909 , 23.0 , 26.0 , 23.44 , 
1910 , 23.0 , 26.0 , 23.64 , 
1911 , 23.0 , 26.0 , 23.66 , 
1912 , 23.0 , 26.0 , 23.5 , 
1913 , 23.0 , 26.0 , 23.56 , 
1914 , 23.0 , 26.0 , 23.56 , 
1915 , 23.0 , 26.0 , 23.62 , 
1916 , 23.0 , 26.0 , 23.5 , 
1917 , 23.0 , 26.0 , 23.82 , 
1918 , 23.0 , 26.0 , 23.56 , 
1919 , 23.0 , 29.0 , 23.58 , 
1920 , 23.0 , 26.0 , 23.62 , 
1921 , 23.0 , 27.0 , 23.56 , 
1922 , 23.0 , 26.0 , 23.46 , 
1923 , 23.0 , 26.0 , 23.56 , 
1924 , 23.0 , 27.0 , 23.66 , 
1925 , 23.0 , 26.0 , 23.66 , 
1926 , 23.0 , 27.0 , 23.56 , 
1927 , 23.0 , 26.0 , 23.52 , 
1928 , 23.0 , 26.0 , 23.5 , 
1929 , 23.0 , 27.0 , 23.5 , 
1930 , 23.0 , 26.0 , 23.66 , 
1931 , 23.0 , 26.0 , 23.62 , 
1932 , 23.0 , 26.0 , 23.68 , 
1933 , 23.0 , 26.0 , 23.58 , 
1934 , 23.0 , 27.0 , 23.54 , 
1935 , 23.0 , 27.0 , 23.52 , 
1936 , 23.0 , 28.0 , 23.74 , 
1937 , 23.0 , 26.0 , 23.62 , 
1938 , 23.0 , 26.0 , 23.4 , 
1939 , 23.0 , 26.0 , 23.52 , 
1940 , 23.0 , 26.0 , 23.5 , 
1941 , 23.0 , 27.0 , 23.8 , 
1942 , 23.0 , 26.0 , 23.56 , 
1943 , 23.0 , 27.0 , 23.42 , 
1944 , 23.0 , 26.0 , 23.76 , 
1945 , 23.0 , 26.0 , 23.76 , 
1946 , 23.0 , 27.0 , 23.6 , 
1947 , 23.0 , 26.0 , 23.74 , 
1948 , 23.0 , 25.0 , 23.42 , 
1949 , 23.0 , 26.0 , 23.46 , 
1950 , 23.0 , 26.0 , 23.78 , 
1951 , 23.0 , 26.0 , 23.66 , 
1952 , 23.0 , 26.0 , 23.44 , 
1953 , 23.0 , 26.0 , 23.64 , 
1954 , 23.0 , 26.0 , 23.46 , 
1955 , 23.0 , 27.0 , 23.86 , 
1956 , 23.0 , 29.0 , 23.64 , 
1957 , 23.0 , 26.0 , 23.6 , 
1958 , 23.0 , 28.0 , 23.66 , 
1959 , 23.0 , 26.0 , 23.4 , 
1960 , 23.0 , 26.0 , 23.64 , 
1961 , 23.0 , 26.0 , 23.64 , 
1962 , 23.0 , 26.0 , 23.6 , 
1963 , 23.0 , 27.0 , 23.66 , 
1964 , 23.0 , 26.0 , 23.54 , 
1965 , 23.0 , 27.0 , 23.82 , 
1966 , 23.0 , 28.0 , 23.7 , 
1967 , 23.0 , 27.0 , 23.64 , 
1968 , 23.0 , 29.0 , 23.76 , 
1969 , 23.0 , 26.0 , 23.8 , 
1970 , 23.0 , 28.0 , 23.76 , 
1971 , 23.0 , 26.0 , 23.46 , 
1972 , 23.0 , 26.0 , 23.5 , 
1973 , 23.0 , 27.0 , 23.5 , 
1974 , 23.0 , 26.0 , 23.6 , 
1975 , 23.0 , 25.0 , 23.46 , 
1976 , 23.0 , 26.0 , 23.56 , 
1977 , 23.0 , 26.0 , 23.64 , 
1978 , 23.0 , 26.0 , 23.72 , 
1979 , 23.0 , 26.0 , 23.42 , 
1980 , 23.0 , 26.0 , 23.36 , 
1981 , 23.0 , 26.0 , 23.66 , 
1982 , 23.0 , 26.0 , 23.3 , 
1983 , 23.0 , 26.0 , 23.38 , 
1984 , 23.0 , 26.0 , 23.56 , 
1985 , 23.0 , 26.0 , 23.54 , 
1986 , 23.0 , 26.0 , 23.36 , 
1987 , 23.0 , 26.0 , 23.6 , 
1988 , 23.0 , 26.0 , 23.54 , 
1989 , 23.0 , 25.0 , 23.36 , 
1990 , 23.0 , 29.0 , 23.46 , 
1991 , 23.0 , 25.0 , 23.4 , 
1992 , 23.0 , 28.0 , 23.9 , 
1993 , 23.0 , 27.0 , 23.54 , 
1994 , 23.0 , 26.0 , 23.62 , 
1995 , 23.0 , 29.0 , 23.6 , 
1996 , 23.0 , 27.0 , 23.6 , 
1997 , 23.0 , 26.0 , 23.46 , 
1998 , 23.0 , 26.0 , 23.54 , 
1999 , 23.0 , 26.0 , 23.26 , 
haichi , Machine , Job , Task, Start Time , End Time

0 , 0 , 0 , 0 , 0 , 0 , 
1 , 0 , 0 , 0 , 1 , 1 , 
2 , 0 , 0 , 0 , 2 , 2 , 
3 , 0 , 0 , 0 , 3 , 3 , 
4 , 0 , 0 , 0 , 4 , 4 , 
5 , 0 , 0 , 0 , 5 , 5 , 
6 , 0 , 0 , 0 , 6 , 6 , 
7 , 0 , 0 , 0 , 7 , 7 , 
8 , 0 , 0 , 0 , 8 , 8 , 
9 , 0 , 0 , 0 , 9 , 9 , 
10 , 0 , 0 , 0 , 10 , 10 , 
11 , 0 , 0 , 0 , 11 , 11 , 
12 , 0 , 0 , 0 , 12 , 12 , 
13 , 0 , 0 , 0 , 13 , 13 , 
14 , 0 , 0 , 0 , 14 , 14 , 
15 , 0 , 0 , 0 , 15 , 15 , 
16 , 0 , 0 , 0 , 16 , 16 , 
17 , 0 , 0 , 0 , 17 , 17 , 
18 , 0 , 0 , 0 , 18 , 18 , 
19 , 0 , 0 , 0 , 19 , 19 , 
20 , 0 , 0 , 0 , 20 , 20 , 
21 , 0 , 0 , 0 , 21 , 21 , 
22 , 0 , 0 , 0 , 22 , 22 , 
23 , 0 , 0 , 0 , 23 , 23 , 
24 , 0 , 0 , 0 , 24 , 24 , 
25 , 0 , 0 , 0 , 25 , 25 , 
26 , 0 , 0 , 0 , 26 , 26 , 
27 , 0 , 0 , 0 , 27 , 27 , 
28 , 0 , 0 , 0 , 28 , 28 , 
29 , 0 , 0 , 0 , 29 , 29 , 
30 , 0 , 0 , 0 , 30 , 30 , 
31 , 0 , 0 , 0 , 31 , 31 , 
32 , 0 , 0 , 0 , 32 , 32 , 
33 , 0 , 0 , 0 , 33 , 33 , 
34 , 0 , 0 , 0 , 34 , 34 , 
35 , 0 , 0 , 0 , 35 , 35 , 