Machine = 6,Job = 8,Task = 18,Ant = 50,
Sedai , Best ,, Bad , Average 
0 , 94.0 , 139.0 , 112.44 , 
1 , 92.0 , 130.0 , 112.06 , 
2 , 97.0 , 136.0 , 111.14 , 
3 , 93.0 , 132.0 , 110.48 , 
4 , 92.0 , 133.0 , 109.82 , 
5 , 91.0 , 130.0 , 108.22 , 
6 , 94.0 , 139.0 , 110.02 , 
7 , 92.0 , 133.0 , 107.02 , 
8 , 87.0 , 126.0 , 105.6 , 
9 , 86.0 , 125.0 , 103.82 , 
10 , 82.0 , 125.0 , 102.02 , 
11 , 84.0 , 113.0 , 99.12 , 
12 , 78.0 , 117.0 , 97.16 , 
13 , 77.0 , 114.0 , 96.7 , 
14 , 78.0 , 111.0 , 93.98 , 
15 , 76.0 , 111.0 , 91.62 , 
16 , 74.0 , 103.0 , 90.36 , 
17 , 72.0 , 110.0 , 89.2 , 
18 , 75.0 , 107.0 , 89.24 , 
19 , 72.0 , 107.0 , 86.32 , 
20 , 74.0 , 102.0 , 86.94 , 
21 , 75.0 , 98.0 , 84.54 , 
22 , 71.0 , 103.0 , 85.26 , 
23 , 72.0 , 101.0 , 84.6 , 
24 , 73.0 , 111.0 , 85.76 , 
25 , 67.0 , 98.0 , 85.42 , 
26 , 75.0 , 98.0 , 85.56 , 
27 , 68.0 , 100.0 , 82.74 , 
28 , 72.0 , 97.0 , 83.94 , 
29 , 69.0 , 99.0 , 83.08 , 
30 , 65.0 , 97.0 , 82.96 , 
31 , 67.0 , 92.0 , 80.12 , 
32 , 68.0 , 93.0 , 80.84 , 
33 , 68.0 , 94.0 , 81.42 , 
34 , 68.0 , 94.0 , 79.54 , 
35 , 68.0 , 102.0 , 81.54 , 
36 , 69.0 , 96.0 , 81.04 , 
37 , 69.0 , 97.0 , 80.34 , 
38 , 70.0 , 96.0 , 80.32 , 
39 , 63.0 , 95.0 , 79.94 , 
40 , 68.0 , 91.0 , 79.3 , 
41 , 67.0 , 95.0 , 78.04 , 
42 , 66.0 , 90.0 , 77.66 , 
43 , 67.0 , 97.0 , 79.68 , 
44 , 65.0 , 102.0 , 78.6 , 
45 , 68.0 , 87.0 , 77.9 , 
46 , 67.0 , 95.0 , 77.88 , 
47 , 66.0 , 90.0 , 78.92 , 
48 , 64.0 , 93.0 , 78.24 , 
49 , 66.0 , 97.0 , 77.28 , 
50 , 65.0 , 96.0 , 78.2 , 
51 , 63.0 , 89.0 , 77.06 , 
52 , 64.0 , 89.0 , 76.68 , 
53 , 66.0 , 95.0 , 76.04 , 
54 , 65.0 , 89.0 , 76.28 , 
55 , 67.0 , 88.0 , 76.46 , 
56 , 60.0 , 91.0 , 76.88 , 
57 , 64.0 , 85.0 , 76.7 , 
58 , 67.0 , 89.0 , 76.06 , 
59 , 67.0 , 100.0 , 77.94 , 
60 , 61.0 , 92.0 , 76.46 , 
61 , 63.0 , 88.0 , 75.88 , 
62 , 65.0 , 93.0 , 75.44 , 
63 , 65.0 , 89.0 , 74.88 , 
64 , 63.0 , 92.0 , 75.3 , 
65 , 62.0 , 87.0 , 75.02 , 
66 , 63.0 , 89.0 , 74.84 , 
67 , 62.0 , 92.0 , 74.9 , 
68 , 64.0 , 89.0 , 75.34 , 
69 , 59.0 , 93.0 , 75.62 , 
70 , 66.0 , 84.0 , 75.08 , 
71 , 66.0 , 84.0 , 73.98 , 
72 , 63.0 , 86.0 , 73.82 , 
73 , 64.0 , 85.0 , 75.0 , 
74 , 63.0 , 90.0 , 72.42 , 
75 , 62.0 , 82.0 , 72.0 , 
76 , 63.0 , 85.0 , 72.22 , 
77 , 62.0 , 86.0 , 73.4 , 
78 , 64.0 , 85.0 , 73.72 , 
79 , 63.0 , 91.0 , 73.86 , 
80 , 64.0 , 87.0 , 72.02 , 
81 , 63.0 , 95.0 , 73.16 , 
82 , 65.0 , 83.0 , 72.88 , 
83 , 63.0 , 86.0 , 73.68 , 
84 , 61.0 , 91.0 , 73.02 , 
85 , 59.0 , 86.0 , 72.12 , 
86 , 61.0 , 86.0 , 72.02 , 
87 , 63.0 , 85.0 , 72.22 , 
88 , 60.0 , 84.0 , 71.28 , 
89 , 61.0 , 84.0 , 73.12 , 
90 , 63.0 , 84.0 , 72.52 , 
91 , 61.0 , 87.0 , 71.54 , 
92 , 64.0 , 84.0 , 71.8 , 
93 , 62.0 , 81.0 , 70.3 , 
94 , 61.0 , 85.0 , 71.7 , 
95 , 63.0 , 84.0 , 72.18 , 
96 , 62.0 , 86.0 , 72.0 , 
97 , 61.0 , 86.0 , 71.92 , 
98 , 60.0 , 82.0 , 70.92 , 
99 , 61.0 , 85.0 , 72.22 , 
100 , 60.0 , 89.0 , 71.12 , 
101 , 61.0 , 82.0 , 71.24 , 
102 , 64.0 , 85.0 , 72.78 , 
103 , 61.0 , 79.0 , 70.08 , 
104 , 61.0 , 85.0 , 70.76 , 
105 , 58.0 , 90.0 , 71.34 , 
106 , 62.0 , 80.0 , 70.7 , 
107 , 64.0 , 88.0 , 70.96 , 
108 , 60.0 , 86.0 , 70.4 , 
109 , 60.0 , 85.0 , 70.94 , 
110 , 59.0 , 81.0 , 70.14 , 
111 , 60.0 , 85.0 , 70.22 , 
112 , 62.0 , 81.0 , 71.08 , 
113 , 60.0 , 89.0 , 70.86 , 
114 , 61.0 , 80.0 , 69.58 , 
115 , 61.0 , 81.0 , 69.52 , 
116 , 61.0 , 82.0 , 69.76 , 
117 , 61.0 , 88.0 , 69.96 , 
118 , 59.0 , 82.0 , 70.16 , 
119 , 62.0 , 83.0 , 68.96 , 
120 , 60.0 , 82.0 , 69.74 , 
121 , 58.0 , 80.0 , 70.82 , 
122 , 62.0 , 88.0 , 70.58 , 
123 , 59.0 , 84.0 , 69.58 , 
124 , 60.0 , 80.0 , 70.06 , 
125 , 60.0 , 79.0 , 68.72 , 
126 , 58.0 , 83.0 , 69.74 , 
127 , 56.0 , 83.0 , 69.52 , 
128 , 60.0 , 88.0 , 70.18 , 
129 , 56.0 , 84.0 , 69.94 , 
130 , 61.0 , 88.0 , 70.34 , 
131 , 60.0 , 79.0 , 70.06 , 
132 , 59.0 , 81.0 , 69.28 , 
133 , 61.0 , 84.0 , 70.6 , 
134 , 59.0 , 83.0 , 69.9 , 
135 , 57.0 , 81.0 , 69.08 , 
136 , 59.0 , 82.0 , 69.8 , 
137 , 60.0 , 81.0 , 69.38 , 
138 , 62.0 , 80.0 , 70.04 , 
139 , 60.0 , 80.0 , 70.44 , 
140 , 60.0 , 85.0 , 68.52 , 
141 , 58.0 , 81.0 , 70.4 , 
142 , 59.0 , 87.0 , 68.68 , 
143 , 59.0 , 76.0 , 68.7 , 
144 , 58.0 , 86.0 , 67.92 , 
145 , 58.0 , 82.0 , 68.54 , 
146 , 62.0 , 81.0 , 69.08 , 
147 , 61.0 , 80.0 , 68.34 , 
148 , 57.0 , 80.0 , 68.3 , 
149 , 60.0 , 80.0 , 69.62 , 
150 , 57.0 , 79.0 , 68.66 , 
151 , 60.0 , 76.0 , 69.34 , 
152 , 60.0 , 86.0 , 68.98 , 
153 , 60.0 , 80.0 , 68.4 , 
154 , 62.0 , 81.0 , 70.26 , 
155 , 59.0 , 86.0 , 69.72 , 
156 , 60.0 , 83.0 , 68.42 , 
157 , 57.0 , 83.0 , 69.08 , 
158 , 59.0 , 90.0 , 68.54 , 
159 , 59.0 , 80.0 , 69.36 , 
160 , 60.0 , 78.0 , 69.26 , 
161 , 60.0 , 82.0 , 69.96 , 
162 , 56.0 , 82.0 , 68.38 , 
163 , 61.0 , 81.0 , 68.5 , 
164 , 60.0 , 81.0 , 68.04 , 
165 , 59.0 , 84.0 , 68.82 , 
166 , 59.0 , 79.0 , 68.42 , 
167 , 57.0 , 82.0 , 68.38 , 
168 , 61.0 , 79.0 , 68.86 , 
169 , 60.0 , 88.0 , 69.36 , 
170 , 59.0 , 79.0 , 68.56 , 
171 , 58.0 , 80.0 , 67.82 , 
172 , 60.0 , 77.0 , 67.94 , 
173 , 62.0 , 83.0 , 69.78 , 
174 , 60.0 , 80.0 , 68.28 , 
175 , 60.0 , 77.0 , 68.28 , 
176 , 57.0 , 81.0 , 69.08 , 
177 , 61.0 , 78.0 , 69.88 , 
178 , 56.0 , 81.0 , 68.84 , 
179 , 59.0 , 78.0 , 68.4 , 
180 , 60.0 , 81.0 , 68.64 , 
181 , 59.0 , 81.0 , 68.54 , 
182 , 56.0 , 80.0 , 69.08 , 
183 , 60.0 , 79.0 , 68.74 , 
184 , 58.0 , 76.0 , 66.94 , 
185 , 58.0 , 80.0 , 67.18 , 
186 , 58.0 , 80.0 , 67.24 , 
187 , 58.0 , 86.0 , 67.94 , 
188 , 59.0 , 79.0 , 68.46 , 
189 , 59.0 , 81.0 , 68.48 , 
190 , 60.0 , 82.0 , 68.56 , 
191 , 58.0 , 85.0 , 69.0 , 
192 , 56.0 , 80.0 , 68.04 , 
193 , 58.0 , 78.0 , 66.74 , 
194 , 58.0 , 81.0 , 68.46 , 
195 , 55.0 , 82.0 , 66.84 , 
196 , 56.0 , 80.0 , 67.68 , 
197 , 55.0 , 84.0 , 68.14 , 
198 , 58.0 , 79.0 , 66.6 , 
199 , 58.0 , 78.0 , 68.0 , 
200 , 57.0 , 84.0 , 67.78 , 
201 , 57.0 , 78.0 , 67.16 , 
202 , 55.0 , 80.0 , 67.04 , 
203 , 56.0 , 80.0 , 66.82 , 
204 , 56.0 , 76.0 , 66.56 , 
205 , 60.0 , 82.0 , 67.1 , 
206 , 59.0 , 75.0 , 67.34 , 
207 , 59.0 , 81.0 , 67.3 , 
208 , 56.0 , 82.0 , 67.58 , 
209 , 57.0 , 82.0 , 67.5 , 
210 , 55.0 , 82.0 , 68.18 , 
211 , 56.0 , 79.0 , 67.36 , 
212 , 57.0 , 83.0 , 67.88 , 
213 , 59.0 , 76.0 , 67.22 , 
214 , 58.0 , 76.0 , 67.02 , 
215 , 58.0 , 77.0 , 66.4 , 
216 , 59.0 , 80.0 , 67.54 , 
217 , 57.0 , 76.0 , 67.74 , 
218 , 59.0 , 73.0 , 65.44 , 
219 , 60.0 , 78.0 , 67.02 , 
220 , 58.0 , 76.0 , 67.32 , 
221 , 58.0 , 77.0 , 67.72 , 
222 , 57.0 , 75.0 , 66.58 , 
223 , 56.0 , 80.0 , 66.2 , 
224 , 58.0 , 78.0 , 66.0 , 
225 , 58.0 , 78.0 , 66.74 , 
226 , 59.0 , 79.0 , 67.44 , 
227 , 56.0 , 80.0 , 66.8 , 
228 , 56.0 , 76.0 , 66.58 , 
229 , 60.0 , 80.0 , 67.62 , 
230 , 58.0 , 74.0 , 65.52 , 
231 , 58.0 , 74.0 , 65.44 , 
232 , 57.0 , 86.0 , 66.28 , 
233 , 58.0 , 74.0 , 66.14 , 
234 , 59.0 , 76.0 , 65.78 , 
235 , 60.0 , 79.0 , 67.24 , 
236 , 58.0 , 81.0 , 67.82 , 
237 , 58.0 , 79.0 , 66.66 , 
238 , 59.0 , 76.0 , 66.06 , 
239 , 58.0 , 79.0 , 66.96 , 
240 , 57.0 , 78.0 , 66.56 , 
241 , 57.0 , 76.0 , 65.62 , 
242 , 57.0 , 80.0 , 65.12 , 
243 , 58.0 , 75.0 , 65.3 , 
244 , 57.0 , 73.0 , 64.96 , 
245 , 57.0 , 75.0 , 65.24 , 
246 , 56.0 , 80.0 , 66.6 , 
247 , 56.0 , 80.0 , 65.0 , 
248 , 56.0 , 78.0 , 65.76 , 
249 , 56.0 , 76.0 , 66.02 , 
250 , 55.0 , 78.0 , 66.06 , 
251 , 59.0 , 77.0 , 65.66 , 
252 , 55.0 , 77.0 , 65.42 , 
253 , 54.0 , 80.0 , 65.88 , 
254 , 58.0 , 76.0 , 65.66 , 
255 , 57.0 , 88.0 , 65.76 , 
256 , 57.0 , 75.0 , 65.38 , 
257 , 54.0 , 77.0 , 64.7 , 
258 , 55.0 , 79.0 , 64.82 , 
259 , 53.0 , 81.0 , 65.36 , 
260 , 56.0 , 76.0 , 64.52 , 
261 , 57.0 , 77.0 , 65.48 , 
262 , 56.0 , 85.0 , 64.74 , 
263 , 57.0 , 75.0 , 65.5 , 
264 , 57.0 , 74.0 , 65.26 , 
265 , 56.0 , 78.0 , 65.04 , 
266 , 57.0 , 76.0 , 66.46 , 
267 , 56.0 , 74.0 , 64.94 , 
268 , 54.0 , 75.0 , 64.54 , 
269 , 57.0 , 73.0 , 65.42 , 
270 , 57.0 , 71.0 , 64.12 , 
271 , 56.0 , 82.0 , 65.24 , 
272 , 55.0 , 78.0 , 65.62 , 
273 , 57.0 , 76.0 , 64.44 , 
274 , 56.0 , 76.0 , 65.38 , 
275 , 56.0 , 78.0 , 64.58 , 
276 , 55.0 , 78.0 , 65.64 , 
277 , 54.0 , 77.0 , 64.36 , 
278 , 57.0 , 76.0 , 64.7 , 
279 , 54.0 , 74.0 , 63.54 , 
280 , 57.0 , 75.0 , 64.56 , 
281 , 59.0 , 85.0 , 65.7 , 
282 , 52.0 , 74.0 , 64.6 , 
283 , 55.0 , 74.0 , 63.56 , 
284 , 55.0 , 75.0 , 64.7 , 
285 , 57.0 , 79.0 , 64.4 , 
286 , 55.0 , 76.0 , 65.68 , 
287 , 55.0 , 80.0 , 64.16 , 
288 , 56.0 , 75.0 , 65.06 , 
289 , 56.0 , 78.0 , 64.34 , 
290 , 57.0 , 73.0 , 64.44 , 
291 , 55.0 , 76.0 , 64.6 , 
292 , 55.0 , 74.0 , 63.62 , 
293 , 55.0 , 77.0 , 65.06 , 
294 , 54.0 , 76.0 , 63.52 , 
295 , 53.0 , 77.0 , 63.84 , 
296 , 57.0 , 86.0 , 64.98 , 
297 , 57.0 , 78.0 , 66.18 , 
298 , 56.0 , 81.0 , 66.24 , 
299 , 56.0 , 75.0 , 64.62 , 
300 , 57.0 , 78.0 , 64.44 , 
301 , 53.0 , 76.0 , 66.08 , 
302 , 58.0 , 77.0 , 64.88 , 
303 , 57.0 , 83.0 , 65.42 , 
304 , 54.0 , 74.0 , 64.56 , 
305 , 57.0 , 76.0 , 64.3 , 
306 , 56.0 , 76.0 , 65.18 , 
307 , 57.0 , 79.0 , 65.2 , 
308 , 55.0 , 79.0 , 65.34 , 
309 , 56.0 , 78.0 , 66.02 , 
310 , 53.0 , 75.0 , 64.34 , 
311 , 56.0 , 74.0 , 63.9 , 
312 , 57.0 , 77.0 , 65.54 , 
313 , 57.0 , 77.0 , 64.86 , 
314 , 55.0 , 79.0 , 63.36 , 
315 , 54.0 , 73.0 , 63.4 , 
316 , 57.0 , 79.0 , 64.98 , 
317 , 56.0 , 75.0 , 64.26 , 
318 , 57.0 , 73.0 , 63.34 , 
319 , 55.0 , 75.0 , 64.32 , 
320 , 54.0 , 78.0 , 64.3 , 
321 , 56.0 , 77.0 , 65.0 , 
322 , 57.0 , 79.0 , 64.46 , 
323 , 54.0 , 73.0 , 63.3 , 
324 , 58.0 , 75.0 , 64.58 , 
325 , 56.0 , 82.0 , 63.36 , 
326 , 55.0 , 81.0 , 62.28 , 
327 , 57.0 , 76.0 , 63.66 , 
328 , 53.0 , 75.0 , 63.24 , 
329 , 53.0 , 79.0 , 63.58 , 
330 , 55.0 , 75.0 , 63.14 , 
331 , 54.0 , 79.0 , 64.66 , 
332 , 56.0 , 75.0 , 63.46 , 
333 , 57.0 , 74.0 , 63.68 , 
334 , 53.0 , 77.0 , 63.68 , 
335 , 56.0 , 78.0 , 63.24 , 
336 , 54.0 , 75.0 , 63.4 , 
337 , 55.0 , 78.0 , 63.44 , 
338 , 55.0 , 72.0 , 63.08 , 
339 , 55.0 , 75.0 , 64.0 , 
340 , 54.0 , 71.0 , 62.38 , 
341 , 55.0 , 73.0 , 63.78 , 
342 , 55.0 , 73.0 , 62.32 , 
343 , 54.0 , 76.0 , 63.62 , 
344 , 54.0 , 79.0 , 62.88 , 
345 , 53.0 , 75.0 , 63.78 , 
346 , 53.0 , 74.0 , 62.58 , 
347 , 55.0 , 75.0 , 62.9 , 
348 , 56.0 , 75.0 , 63.2 , 
349 , 55.0 , 77.0 , 63.1 , 
350 , 54.0 , 73.0 , 62.6 , 
351 , 55.0 , 76.0 , 64.1 , 
352 , 55.0 , 76.0 , 63.84 , 
353 , 55.0 , 79.0 , 64.28 , 
354 , 54.0 , 72.0 , 63.52 , 
355 , 54.0 , 76.0 , 64.4 , 
356 , 57.0 , 73.0 , 63.94 , 
357 , 54.0 , 75.0 , 62.86 , 
358 , 55.0 , 76.0 , 63.0 , 
359 , 55.0 , 73.0 , 63.46 , 
360 , 54.0 , 82.0 , 63.24 , 
361 , 54.0 , 78.0 , 62.52 , 
362 , 54.0 , 70.0 , 63.16 , 
363 , 54.0 , 82.0 , 63.78 , 
364 , 55.0 , 73.0 , 62.58 , 
365 , 53.0 , 71.0 , 61.52 , 
366 , 55.0 , 79.0 , 63.56 , 
367 , 54.0 , 71.0 , 63.38 , 
368 , 55.0 , 74.0 , 63.12 , 
369 , 53.0 , 73.0 , 62.94 , 
370 , 55.0 , 74.0 , 62.86 , 
371 , 54.0 , 76.0 , 62.56 , 
372 , 56.0 , 73.0 , 63.18 , 
373 , 54.0 , 71.0 , 62.62 , 
374 , 52.0 , 80.0 , 63.22 , 
375 , 53.0 , 73.0 , 63.52 , 
376 , 55.0 , 70.0 , 61.58 , 
377 , 54.0 , 75.0 , 62.64 , 
378 , 52.0 , 74.0 , 62.38 , 
379 , 55.0 , 72.0 , 63.24 , 
380 , 54.0 , 76.0 , 62.02 , 
381 , 55.0 , 74.0 , 62.22 , 
382 , 54.0 , 73.0 , 62.48 , 
383 , 56.0 , 72.0 , 63.2 , 
384 , 54.0 , 75.0 , 62.7 , 
385 , 56.0 , 70.0 , 61.9 , 
386 , 52.0 , 73.0 , 61.0 , 
387 , 53.0 , 71.0 , 62.32 , 
388 , 55.0 , 77.0 , 62.76 , 
389 , 53.0 , 77.0 , 62.32 , 
390 , 54.0 , 74.0 , 62.54 , 
391 , 53.0 , 71.0 , 61.46 , 
392 , 55.0 , 74.0 , 62.56 , 
393 , 55.0 , 74.0 , 63.08 , 
394 , 52.0 , 74.0 , 62.48 , 
395 , 55.0 , 74.0 , 63.28 , 
396 , 53.0 , 73.0 , 61.56 , 
397 , 53.0 , 71.0 , 61.9 , 
398 , 55.0 , 73.0 , 63.06 , 
399 , 53.0 , 75.0 , 62.16 , 
400 , 53.0 , 73.0 , 61.64 , 
401 , 54.0 , 75.0 , 61.96 , 
402 , 54.0 , 75.0 , 61.44 , 
403 , 55.0 , 75.0 , 61.92 , 
404 , 55.0 , 81.0 , 62.46 , 
405 , 55.0 , 67.0 , 61.34 , 
406 , 54.0 , 71.0 , 62.64 , 
407 , 53.0 , 72.0 , 60.5 , 
408 , 55.0 , 73.0 , 61.98 , 
409 , 54.0 , 70.0 , 61.12 , 
410 , 54.0 , 73.0 , 61.62 , 
411 , 55.0 , 71.0 , 61.9 , 
412 , 51.0 , 71.0 , 60.78 , 
413 , 51.0 , 72.0 , 61.38 , 
414 , 50.0 , 72.0 , 61.34 , 
415 , 53.0 , 70.0 , 61.04 , 
416 , 53.0 , 69.0 , 60.16 , 
417 , 54.0 , 71.0 , 60.88 , 
418 , 53.0 , 70.0 , 60.62 , 
419 , 55.0 , 68.0 , 61.42 , 
420 , 53.0 , 72.0 , 60.68 , 
421 , 55.0 , 72.0 , 62.38 , 
422 , 55.0 , 69.0 , 61.54 , 
423 , 50.0 , 73.0 , 61.54 , 
424 , 53.0 , 70.0 , 61.18 , 
425 , 53.0 , 70.0 , 61.92 , 
426 , 53.0 , 76.0 , 62.24 , 
427 , 53.0 , 79.0 , 62.0 , 
428 , 52.0 , 70.0 , 60.98 , 
429 , 52.0 , 72.0 , 61.22 , 
430 , 54.0 , 66.0 , 60.62 , 
431 , 52.0 , 73.0 , 60.82 , 
432 , 54.0 , 76.0 , 61.68 , 
433 , 55.0 , 68.0 , 60.98 , 
434 , 53.0 , 72.0 , 62.02 , 
435 , 50.0 , 71.0 , 60.54 , 
436 , 54.0 , 73.0 , 61.82 , 
437 , 52.0 , 73.0 , 61.14 , 
438 , 54.0 , 71.0 , 60.3 , 
439 , 54.0 , 75.0 , 62.9 , 
440 , 55.0 , 68.0 , 60.44 , 
441 , 56.0 , 71.0 , 62.14 , 
442 , 53.0 , 70.0 , 61.48 , 
443 , 54.0 , 78.0 , 61.42 , 
444 , 53.0 , 68.0 , 61.32 , 
445 , 54.0 , 73.0 , 60.7 , 
446 , 55.0 , 71.0 , 61.38 , 
447 , 55.0 , 76.0 , 61.26 , 
448 , 53.0 , 74.0 , 62.18 , 
449 , 53.0 , 73.0 , 60.96 , 
450 , 52.0 , 69.0 , 62.06 , 
451 , 51.0 , 74.0 , 61.3 , 
452 , 53.0 , 75.0 , 61.54 , 
453 , 54.0 , 71.0 , 61.48 , 
454 , 52.0 , 72.0 , 60.98 , 
455 , 55.0 , 71.0 , 61.0 , 
456 , 55.0 , 70.0 , 61.6 , 
457 , 52.0 , 70.0 , 61.28 , 
458 , 52.0 , 70.0 , 60.48 , 
459 , 51.0 , 74.0 , 61.66 , 
460 , 53.0 , 75.0 , 61.94 , 
461 , 53.0 , 70.0 , 61.68 , 
462 , 53.0 , 73.0 , 61.22 , 
463 , 55.0 , 71.0 , 61.6 , 
464 , 53.0 , 70.0 , 60.44 , 
465 , 54.0 , 68.0 , 60.74 , 
466 , 52.0 , 66.0 , 59.86 , 
467 , 54.0 , 69.0 , 60.42 , 
468 , 52.0 , 69.0 , 60.16 , 
469 , 55.0 , 69.0 , 60.46 , 
470 , 53.0 , 73.0 , 60.4 , 
471 , 53.0 , 68.0 , 61.3 , 
472 , 54.0 , 74.0 , 61.8 , 
473 , 53.0 , 73.0 , 62.22 , 
474 , 51.0 , 75.0 , 61.36 , 
475 , 53.0 , 75.0 , 61.6 , 
476 , 54.0 , 70.0 , 60.1 , 
477 , 54.0 , 72.0 , 60.2 , 
478 , 52.0 , 71.0 , 60.2 , 
479 , 53.0 , 71.0 , 60.66 , 
480 , 55.0 , 69.0 , 61.22 , 
481 , 54.0 , 75.0 , 61.36 , 
482 , 53.0 , 71.0 , 60.32 , 
483 , 54.0 , 75.0 , 60.66 , 
484 , 54.0 , 72.0 , 61.0 , 
485 , 51.0 , 73.0 , 60.0 , 
486 , 53.0 , 68.0 , 60.92 , 
487 , 53.0 , 68.0 , 60.76 , 
488 , 53.0 , 76.0 , 61.26 , 
489 , 52.0 , 75.0 , 60.88 , 
490 , 52.0 , 68.0 , 60.6 , 
491 , 53.0 , 67.0 , 59.62 , 
492 , 54.0 , 74.0 , 61.06 , 
493 , 53.0 , 69.0 , 59.5 , 
494 , 54.0 , 69.0 , 60.06 , 
495 , 52.0 , 73.0 , 61.4 , 
496 , 52.0 , 70.0 , 60.18 , 
497 , 53.0 , 76.0 , 61.24 , 
498 , 54.0 , 71.0 , 60.4 , 
499 , 53.0 , 73.0 , 60.8 , 
500 , 51.0 , 73.0 , 59.16 , 
501 , 54.0 , 67.0 , 59.36 , 
502 , 53.0 , 71.0 , 60.72 , 
503 , 54.0 , 68.0 , 60.12 , 
504 , 53.0 , 74.0 , 61.22 , 
505 , 54.0 , 75.0 , 61.12 , 
506 , 52.0 , 70.0 , 60.42 , 
507 , 53.0 , 69.0 , 60.42 , 
508 , 51.0 , 69.0 , 60.7 , 
509 , 53.0 , 75.0 , 60.58 , 
510 , 52.0 , 71.0 , 60.14 , 
511 , 53.0 , 69.0 , 59.64 , 
512 , 54.0 , 71.0 , 60.94 , 
513 , 54.0 , 71.0 , 61.14 , 
514 , 54.0 , 72.0 , 60.62 , 
515 , 53.0 , 69.0 , 60.06 , 
516 , 52.0 , 79.0 , 59.8 , 
517 , 52.0 , 66.0 , 60.02 , 
518 , 53.0 , 70.0 , 59.3 , 
519 , 52.0 , 70.0 , 61.26 , 
520 , 52.0 , 69.0 , 59.76 , 
521 , 55.0 , 70.0 , 61.54 , 
522 , 54.0 , 73.0 , 60.82 , 
523 , 54.0 , 70.0 , 61.28 , 
524 , 52.0 , 69.0 , 59.96 , 
525 , 54.0 , 69.0 , 60.84 , 
526 , 53.0 , 68.0 , 59.98 , 
527 , 51.0 , 69.0 , 59.42 , 
528 , 51.0 , 68.0 , 59.46 , 
529 , 50.0 , 70.0 , 61.4 , 
530 , 53.0 , 69.0 , 60.02 , 
531 , 53.0 , 73.0 , 59.98 , 
532 , 55.0 , 71.0 , 60.44 , 
533 , 53.0 , 74.0 , 59.26 , 
534 , 51.0 , 75.0 , 59.44 , 
535 , 52.0 , 75.0 , 59.48 , 
536 , 52.0 , 70.0 , 60.16 , 
537 , 51.0 , 70.0 , 59.58 , 
538 , 52.0 , 69.0 , 60.24 , 
539 , 52.0 , 73.0 , 59.62 , 
540 , 52.0 , 70.0 , 59.6 , 
541 , 51.0 , 71.0 , 59.72 , 
542 , 53.0 , 70.0 , 60.86 , 
543 , 52.0 , 69.0 , 59.76 , 
544 , 53.0 , 70.0 , 58.98 , 
545 , 55.0 , 69.0 , 60.2 , 
546 , 52.0 , 70.0 , 58.94 , 
547 , 52.0 , 70.0 , 60.0 , 
548 , 51.0 , 70.0 , 59.96 , 
549 , 53.0 , 69.0 , 59.34 , 
550 , 51.0 , 77.0 , 61.38 , 
551 , 51.0 , 78.0 , 60.98 , 
552 , 53.0 , 71.0 , 60.62 , 
553 , 54.0 , 72.0 , 61.16 , 
554 , 50.0 , 75.0 , 59.44 , 
555 , 50.0 , 74.0 , 59.72 , 
556 , 53.0 , 66.0 , 59.7 , 
557 , 52.0 , 70.0 , 59.48 , 
558 , 53.0 , 73.0 , 59.48 , 
559 , 51.0 , 77.0 , 59.98 , 
560 , 51.0 , 72.0 , 60.58 , 
561 , 53.0 , 73.0 , 59.48 , 
562 , 52.0 , 72.0 , 59.24 , 
563 , 52.0 , 67.0 , 59.9 , 
564 , 52.0 , 68.0 , 59.6 , 
565 , 53.0 , 70.0 , 60.46 , 
566 , 52.0 , 70.0 , 60.9 , 
567 , 51.0 , 70.0 , 59.7 , 
568 , 52.0 , 75.0 , 61.08 , 
569 , 53.0 , 71.0 , 59.14 , 
570 , 54.0 , 73.0 , 61.06 , 
571 , 50.0 , 71.0 , 59.68 , 
572 , 51.0 , 74.0 , 59.86 , 
573 , 51.0 , 71.0 , 59.92 , 
574 , 52.0 , 69.0 , 59.22 , 
575 , 53.0 , 74.0 , 60.36 , 
576 , 54.0 , 67.0 , 60.18 , 
577 , 51.0 , 67.0 , 59.38 , 
578 , 51.0 , 66.0 , 58.82 , 
579 , 54.0 , 74.0 , 60.34 , 
580 , 50.0 , 72.0 , 59.82 , 
581 , 52.0 , 70.0 , 60.32 , 
582 , 52.0 , 75.0 , 60.42 , 
583 , 54.0 , 68.0 , 60.42 , 
584 , 52.0 , 73.0 , 60.18 , 
585 , 54.0 , 69.0 , 58.96 , 
586 , 52.0 , 74.0 , 59.46 , 
587 , 54.0 , 73.0 , 59.74 , 
588 , 52.0 , 69.0 , 60.76 , 
589 , 54.0 , 73.0 , 59.72 , 
590 , 52.0 , 69.0 , 59.98 , 
591 , 52.0 , 69.0 , 60.34 , 
592 , 51.0 , 69.0 , 59.84 , 
593 , 51.0 , 70.0 , 59.38 , 
594 , 54.0 , 75.0 , 60.92 , 
595 , 50.0 , 70.0 , 59.12 , 
596 , 51.0 , 69.0 , 59.08 , 
597 , 53.0 , 76.0 , 60.58 , 
598 , 53.0 , 69.0 , 59.9 , 
599 , 53.0 , 77.0 , 60.42 , 
600 , 52.0 , 67.0 , 59.36 , 
601 , 53.0 , 71.0 , 59.4 , 
602 , 52.0 , 72.0 , 60.58 , 
603 , 52.0 , 67.0 , 58.92 , 
604 , 52.0 , 68.0 , 59.18 , 
605 , 54.0 , 67.0 , 60.08 , 
606 , 53.0 , 71.0 , 60.36 , 
607 , 51.0 , 72.0 , 59.88 , 
608 , 51.0 , 72.0 , 58.94 , 
609 , 53.0 , 73.0 , 59.62 , 
610 , 53.0 , 76.0 , 60.68 , 
611 , 53.0 , 74.0 , 61.62 , 
612 , 50.0 , 75.0 , 59.7 , 
613 , 52.0 , 67.0 , 59.18 , 
614 , 54.0 , 75.0 , 60.06 , 
615 , 53.0 , 70.0 , 59.84 , 
616 , 52.0 , 69.0 , 59.56 , 
617 , 52.0 , 70.0 , 60.16 , 
618 , 52.0 , 74.0 , 61.0 , 
619 , 53.0 , 69.0 , 59.84 , 
620 , 52.0 , 73.0 , 59.2 , 
621 , 54.0 , 72.0 , 60.6 , 
622 , 53.0 , 69.0 , 60.58 , 
623 , 50.0 , 67.0 , 59.02 , 
624 , 52.0 , 68.0 , 59.26 , 
625 , 51.0 , 71.0 , 60.3 , 
626 , 52.0 , 68.0 , 58.92 , 
627 , 53.0 , 66.0 , 59.06 , 
628 , 53.0 , 71.0 , 59.8 , 
629 , 53.0 , 73.0 , 59.46 , 
630 , 51.0 , 71.0 , 59.78 , 
631 , 53.0 , 66.0 , 59.02 , 
632 , 52.0 , 76.0 , 59.74 , 
633 , 52.0 , 70.0 , 59.12 , 
634 , 53.0 , 73.0 , 60.32 , 
635 , 52.0 , 74.0 , 60.14 , 
636 , 50.0 , 73.0 , 60.3 , 
637 , 53.0 , 72.0 , 60.34 , 
638 , 52.0 , 70.0 , 58.54 , 
639 , 51.0 , 68.0 , 59.22 , 
640 , 51.0 , 70.0 , 59.5 , 
641 , 51.0 , 76.0 , 58.4 , 
642 , 52.0 , 69.0 , 60.14 , 
643 , 51.0 , 72.0 , 60.98 , 
644 , 53.0 , 72.0 , 60.26 , 
645 , 51.0 , 69.0 , 59.2 , 
646 , 50.0 , 71.0 , 59.8 , 
647 , 53.0 , 72.0 , 60.06 , 
648 , 53.0 , 67.0 , 59.46 , 
649 , 54.0 , 67.0 , 60.66 , 
650 , 53.0 , 70.0 , 60.12 , 
651 , 54.0 , 74.0 , 59.46 , 
652 , 51.0 , 71.0 , 59.46 , 
653 , 51.0 , 68.0 , 59.82 , 
654 , 51.0 , 68.0 , 58.64 , 
655 , 54.0 , 69.0 , 60.16 , 
656 , 49.0 , 68.0 , 59.18 , 
657 , 54.0 , 69.0 , 59.84 , 
658 , 52.0 , 71.0 , 60.26 , 
659 , 51.0 , 66.0 , 59.7 , 
660 , 51.0 , 67.0 , 59.14 , 
661 , 50.0 , 68.0 , 60.32 , 
662 , 51.0 , 72.0 , 59.16 , 
663 , 52.0 , 72.0 , 59.56 , 
664 , 52.0 , 69.0 , 59.42 , 
665 , 53.0 , 72.0 , 59.08 , 
666 , 53.0 , 71.0 , 59.82 , 
667 , 50.0 , 70.0 , 59.44 , 
668 , 50.0 , 72.0 , 59.24 , 
669 , 51.0 , 68.0 , 58.56 , 
670 , 51.0 , 73.0 , 59.1 , 
671 , 53.0 , 70.0 , 59.22 , 
672 , 52.0 , 66.0 , 58.3 , 
673 , 53.0 , 69.0 , 59.62 , 
674 , 50.0 , 76.0 , 60.08 , 
675 , 52.0 , 70.0 , 60.0 , 
676 , 54.0 , 66.0 , 58.82 , 
677 , 53.0 , 71.0 , 59.96 , 
678 , 51.0 , 70.0 , 58.74 , 
679 , 52.0 , 70.0 , 59.9 , 
680 , 51.0 , 71.0 , 58.92 , 
681 , 53.0 , 71.0 , 58.92 , 
682 , 51.0 , 71.0 , 59.54 , 
683 , 52.0 , 71.0 , 59.42 , 
684 , 54.0 , 72.0 , 59.2 , 
685 , 53.0 , 67.0 , 59.1 , 
686 , 52.0 , 67.0 , 59.14 , 
687 , 51.0 , 70.0 , 59.4 , 
688 , 52.0 , 68.0 , 60.24 , 
689 , 50.0 , 67.0 , 59.46 , 
690 , 50.0 , 72.0 , 59.44 , 
691 , 51.0 , 68.0 , 58.96 , 
692 , 51.0 , 75.0 , 59.8 , 
693 , 52.0 , 70.0 , 59.12 , 
694 , 51.0 , 77.0 , 59.6 , 
695 , 51.0 , 70.0 , 59.16 , 
696 , 52.0 , 70.0 , 58.58 , 
697 , 52.0 , 71.0 , 58.36 , 
698 , 47.0 , 69.0 , 58.9 , 
699 , 52.0 , 79.0 , 59.22 , 
700 , 53.0 , 71.0 , 58.8 , 
701 , 52.0 , 69.0 , 58.76 , 
702 , 52.0 , 68.0 , 59.14 , 
703 , 52.0 , 66.0 , 59.44 , 
704 , 50.0 , 67.0 , 59.12 , 
705 , 51.0 , 71.0 , 59.68 , 
706 , 52.0 , 68.0 , 59.94 , 
707 , 52.0 , 66.0 , 58.2 , 
708 , 53.0 , 74.0 , 59.06 , 
709 , 51.0 , 67.0 , 58.54 , 
710 , 51.0 , 69.0 , 58.22 , 
711 , 52.0 , 70.0 , 59.22 , 
712 , 53.0 , 74.0 , 60.28 , 
713 , 49.0 , 66.0 , 58.9 , 
714 , 52.0 , 69.0 , 58.82 , 
715 , 52.0 , 68.0 , 58.54 , 
716 , 52.0 , 72.0 , 58.76 , 
717 , 51.0 , 68.0 , 57.98 , 
718 , 53.0 , 68.0 , 58.98 , 
719 , 52.0 , 69.0 , 59.58 , 
720 , 51.0 , 69.0 , 59.78 , 
721 , 51.0 , 72.0 , 58.22 , 
722 , 53.0 , 66.0 , 57.92 , 
723 , 52.0 , 70.0 , 59.72 , 
724 , 52.0 , 67.0 , 58.86 , 
725 , 51.0 , 68.0 , 58.04 , 
726 , 52.0 , 67.0 , 58.64 , 
727 , 52.0 , 75.0 , 57.86 , 
728 , 52.0 , 74.0 , 59.26 , 
729 , 52.0 , 70.0 , 59.52 , 
730 , 53.0 , 67.0 , 58.6 , 
731 , 50.0 , 69.0 , 58.52 , 
732 , 51.0 , 66.0 , 59.22 , 
733 , 52.0 , 67.0 , 59.04 , 
734 , 51.0 , 66.0 , 58.28 , 
735 , 51.0 , 67.0 , 58.16 , 
736 , 52.0 , 77.0 , 58.5 , 
737 , 51.0 , 69.0 , 58.82 , 
738 , 53.0 , 71.0 , 58.4 , 
739 , 51.0 , 65.0 , 58.12 , 
740 , 51.0 , 74.0 , 59.56 , 
741 , 52.0 , 68.0 , 58.52 , 
742 , 52.0 , 73.0 , 58.86 , 
743 , 54.0 , 68.0 , 59.14 , 
744 , 53.0 , 66.0 , 59.28 , 
745 , 53.0 , 77.0 , 58.84 , 
746 , 51.0 , 68.0 , 58.56 , 
747 , 52.0 , 67.0 , 58.62 , 
748 , 50.0 , 67.0 , 57.98 , 
749 , 51.0 , 68.0 , 58.58 , 
750 , 52.0 , 76.0 , 58.52 , 
751 , 50.0 , 69.0 , 58.68 , 
752 , 50.0 , 66.0 , 58.62 , 
753 , 51.0 , 69.0 , 58.56 , 
754 , 52.0 , 70.0 , 58.22 , 
755 , 51.0 , 77.0 , 58.48 , 
756 , 52.0 , 70.0 , 58.9 , 
757 , 52.0 , 69.0 , 58.26 , 
758 , 52.0 , 69.0 , 58.66 , 
759 , 53.0 , 70.0 , 58.52 , 
760 , 55.0 , 71.0 , 59.2 , 
761 , 52.0 , 67.0 , 59.62 , 
762 , 52.0 , 74.0 , 58.28 , 
763 , 52.0 , 71.0 , 59.1 , 
764 , 52.0 , 69.0 , 58.52 , 
765 , 50.0 , 67.0 , 58.54 , 
766 , 52.0 , 70.0 , 58.82 , 
767 , 51.0 , 69.0 , 58.44 , 
768 , 53.0 , 71.0 , 58.92 , 
769 , 50.0 , 69.0 , 58.6 , 
770 , 52.0 , 64.0 , 57.66 , 
771 , 51.0 , 69.0 , 58.34 , 
772 , 50.0 , 72.0 , 59.0 , 
773 , 51.0 , 66.0 , 58.14 , 
774 , 52.0 , 74.0 , 59.08 , 
775 , 51.0 , 67.0 , 58.0 , 
776 , 52.0 , 69.0 , 58.92 , 
777 , 52.0 , 69.0 , 58.1 , 
778 , 51.0 , 70.0 , 58.56 , 
779 , 51.0 , 72.0 , 59.74 , 
780 , 53.0 , 71.0 , 58.98 , 
781 , 51.0 , 68.0 , 58.12 , 
782 , 52.0 , 70.0 , 58.46 , 
783 , 53.0 , 71.0 , 58.26 , 
784 , 52.0 , 72.0 , 58.06 , 
785 , 52.0 , 65.0 , 56.94 , 
786 , 51.0 , 68.0 , 58.54 , 
787 , 51.0 , 65.0 , 57.36 , 
788 , 51.0 , 70.0 , 57.8 , 
789 , 50.0 , 69.0 , 57.94 , 
790 , 53.0 , 70.0 , 59.1 , 
791 , 51.0 , 67.0 , 57.56 , 
792 , 51.0 , 68.0 , 58.12 , 
793 , 51.0 , 68.0 , 57.5 , 
794 , 52.0 , 67.0 , 57.96 , 
795 , 52.0 , 67.0 , 58.1 , 
796 , 51.0 , 66.0 , 57.3 , 
797 , 51.0 , 66.0 , 57.58 , 
798 , 53.0 , 73.0 , 58.36 , 
799 , 51.0 , 67.0 , 57.16 , 
800 , 52.0 , 64.0 , 58.26 , 
801 , 52.0 , 68.0 , 57.24 , 
802 , 52.0 , 65.0 , 58.1 , 
803 , 52.0 , 65.0 , 57.54 , 
804 , 51.0 , 66.0 , 57.74 , 
805 , 52.0 , 66.0 , 57.58 , 
806 , 50.0 , 68.0 , 57.36 , 
807 , 50.0 , 71.0 , 58.3 , 
808 , 51.0 , 68.0 , 58.64 , 
809 , 51.0 , 72.0 , 57.9 , 
810 , 51.0 , 68.0 , 58.6 , 
811 , 52.0 , 65.0 , 58.1 , 
812 , 51.0 , 68.0 , 57.76 , 
813 , 50.0 , 70.0 , 57.8 , 
814 , 52.0 , 66.0 , 57.76 , 
815 , 52.0 , 68.0 , 57.82 , 
816 , 51.0 , 68.0 , 57.78 , 
817 , 51.0 , 67.0 , 57.38 , 
818 , 52.0 , 67.0 , 58.8 , 
819 , 52.0 , 65.0 , 58.18 , 
820 , 52.0 , 70.0 , 58.56 , 
821 , 50.0 , 67.0 , 58.68 , 
822 , 50.0 , 67.0 , 57.48 , 
823 , 51.0 , 66.0 , 57.58 , 
824 , 52.0 , 65.0 , 58.08 , 
825 , 51.0 , 72.0 , 58.54 , 
826 , 52.0 , 66.0 , 57.86 , 
827 , 52.0 , 68.0 , 57.24 , 
828 , 52.0 , 68.0 , 57.78 , 
829 , 51.0 , 75.0 , 58.74 , 
830 , 50.0 , 70.0 , 58.14 , 
831 , 50.0 , 70.0 , 57.34 , 
832 , 51.0 , 71.0 , 58.0 , 
833 , 50.0 , 68.0 , 57.5 , 
834 , 52.0 , 66.0 , 57.9 , 
835 , 51.0 , 65.0 , 57.46 , 
836 , 51.0 , 66.0 , 57.64 , 
837 , 51.0 , 67.0 , 57.08 , 
838 , 53.0 , 66.0 , 57.96 , 
839 , 52.0 , 65.0 , 56.84 , 
840 , 51.0 , 67.0 , 57.78 , 
841 , 51.0 , 71.0 , 57.46 , 
842 , 51.0 , 66.0 , 58.76 , 
843 , 51.0 , 69.0 , 58.22 , 
844 , 51.0 , 68.0 , 57.2 , 
845 , 50.0 , 68.0 , 57.16 , 
846 , 51.0 , 64.0 , 57.76 , 
847 , 51.0 , 72.0 , 56.66 , 
848 , 52.0 , 69.0 , 58.08 , 
849 , 52.0 , 68.0 , 57.76 , 
850 , 51.0 , 63.0 , 56.98 , 
851 , 52.0 , 67.0 , 57.48 , 
852 , 51.0 , 70.0 , 58.0 , 
853 , 49.0 , 67.0 , 57.24 , 
854 , 51.0 , 65.0 , 57.22 , 
855 , 51.0 , 63.0 , 56.94 , 
856 , 52.0 , 64.0 , 58.2 , 
857 , 52.0 , 64.0 , 56.34 , 
858 , 51.0 , 66.0 , 57.8 , 
859 , 50.0 , 69.0 , 57.52 , 
860 , 51.0 , 65.0 , 57.18 , 
861 , 52.0 , 67.0 , 57.9 , 
862 , 51.0 , 67.0 , 59.0 , 
863 , 50.0 , 68.0 , 57.38 , 
864 , 50.0 , 69.0 , 58.5 , 
865 , 50.0 , 67.0 , 57.46 , 
866 , 52.0 , 67.0 , 58.14 , 
867 , 53.0 , 72.0 , 58.54 , 
868 , 49.0 , 66.0 , 56.96 , 
869 , 51.0 , 65.0 , 57.3 , 
870 , 50.0 , 71.0 , 56.8 , 
871 , 52.0 , 65.0 , 57.3 , 
872 , 49.0 , 67.0 , 57.4 , 
873 , 51.0 , 64.0 , 57.08 , 
874 , 51.0 , 67.0 , 57.36 , 
875 , 50.0 , 67.0 , 57.02 , 
876 , 51.0 , 68.0 , 58.08 , 
877 , 51.0 , 73.0 , 57.8 , 
878 , 51.0 , 67.0 , 57.6 , 
879 , 51.0 , 66.0 , 57.14 , 
880 , 50.0 , 70.0 , 58.04 , 
881 , 51.0 , 66.0 , 57.44 , 
882 , 51.0 , 72.0 , 57.24 , 
883 , 50.0 , 66.0 , 57.52 , 
884 , 53.0 , 63.0 , 57.5 , 
885 , 51.0 , 73.0 , 57.0 , 
886 , 51.0 , 66.0 , 56.6 , 
887 , 50.0 , 66.0 , 57.7 , 
888 , 53.0 , 68.0 , 58.16 , 
889 , 51.0 , 67.0 , 57.44 , 
890 , 52.0 , 65.0 , 56.24 , 
891 , 53.0 , 66.0 , 57.48 , 
892 , 51.0 , 69.0 , 57.06 , 
893 , 51.0 , 66.0 , 57.26 , 
894 , 52.0 , 69.0 , 57.12 , 
895 , 51.0 , 68.0 , 57.8 , 
896 , 51.0 , 65.0 , 56.98 , 
897 , 51.0 , 63.0 , 56.66 , 
898 , 51.0 , 65.0 , 56.3 , 
899 , 52.0 , 69.0 , 57.42 , 
900 , 51.0 , 64.0 , 55.8 , 
901 , 51.0 , 71.0 , 56.82 , 
902 , 50.0 , 64.0 , 57.32 , 
903 , 50.0 , 69.0 , 57.3 , 
904 , 50.0 , 70.0 , 56.94 , 
905 , 51.0 , 68.0 , 57.18 , 
906 , 53.0 , 76.0 , 57.68 , 
907 , 50.0 , 71.0 , 57.48 , 
908 , 50.0 , 69.0 , 57.32 , 
909 , 52.0 , 71.0 , 57.36 , 
910 , 52.0 , 65.0 , 57.18 , 
911 , 51.0 , 64.0 , 57.22 , 
912 , 50.0 , 67.0 , 57.78 , 
913 , 50.0 , 64.0 , 57.14 , 
914 , 50.0 , 64.0 , 56.28 , 
915 , 51.0 , 69.0 , 56.66 , 
916 , 51.0 , 63.0 , 56.74 , 
917 , 50.0 , 70.0 , 56.8 , 
918 , 51.0 , 67.0 , 57.1 , 
919 , 51.0 , 63.0 , 57.56 , 
920 , 51.0 , 69.0 , 57.06 , 
921 , 48.0 , 67.0 , 56.66 , 
922 , 49.0 , 70.0 , 56.98 , 
923 , 52.0 , 69.0 , 57.28 , 
924 , 53.0 , 67.0 , 57.04 , 
925 , 51.0 , 69.0 , 56.44 , 
926 , 52.0 , 63.0 , 56.5 , 
927 , 51.0 , 63.0 , 56.34 , 
928 , 51.0 , 70.0 , 57.48 , 
929 , 51.0 , 68.0 , 57.24 , 
930 , 51.0 , 69.0 , 56.42 , 
931 , 50.0 , 67.0 , 56.8 , 
932 , 51.0 , 65.0 , 56.52 , 
933 , 50.0 , 65.0 , 57.52 , 
934 , 49.0 , 66.0 , 55.84 , 
935 , 51.0 , 63.0 , 56.8 , 
936 , 51.0 , 70.0 , 56.64 , 
937 , 52.0 , 69.0 , 57.28 , 
938 , 49.0 , 67.0 , 56.74 , 
939 , 50.0 , 66.0 , 56.24 , 
940 , 51.0 , 72.0 , 56.7 , 
941 , 51.0 , 68.0 , 57.34 , 
942 , 52.0 , 69.0 , 56.66 , 
943 , 51.0 , 62.0 , 56.72 , 
944 , 49.0 , 70.0 , 56.86 , 
945 , 50.0 , 69.0 , 56.86 , 
946 , 52.0 , 67.0 , 57.06 , 
947 , 51.0 , 68.0 , 57.1 , 
948 , 51.0 , 65.0 , 56.6 , 
949 , 48.0 , 68.0 , 56.8 , 
950 , 51.0 , 64.0 , 56.5 , 
951 , 53.0 , 68.0 , 57.02 , 
952 , 49.0 , 70.0 , 57.18 , 
953 , 50.0 , 67.0 , 56.72 , 
954 , 52.0 , 66.0 , 56.62 , 
955 , 51.0 , 63.0 , 56.38 , 
956 , 51.0 , 65.0 , 57.12 , 
957 , 52.0 , 65.0 , 56.7 , 
958 , 51.0 , 61.0 , 55.66 , 
959 , 51.0 , 65.0 , 56.38 , 
960 , 50.0 , 64.0 , 56.96 , 
961 , 52.0 , 67.0 , 56.42 , 
962 , 51.0 , 65.0 , 56.28 , 
963 , 52.0 , 68.0 , 57.22 , 
964 , 52.0 , 67.0 , 56.2 , 
965 , 51.0 , 70.0 , 56.88 , 
966 , 51.0 , 63.0 , 56.3 , 
967 , 50.0 , 63.0 , 56.9 , 
968 , 52.0 , 64.0 , 56.58 , 
969 , 51.0 , 68.0 , 56.22 , 
970 , 50.0 , 66.0 , 57.26 , 
971 , 49.0 , 66.0 , 56.0 , 
972 , 49.0 , 64.0 , 55.84 , 
973 , 49.0 , 66.0 , 56.32 , 
974 , 51.0 , 66.0 , 56.46 , 
975 , 50.0 , 64.0 , 57.46 , 
976 , 50.0 , 65.0 , 57.32 , 
977 , 50.0 , 65.0 , 56.12 , 
978 , 50.0 , 66.0 , 56.04 , 
979 , 49.0 , 69.0 , 56.34 , 
980 , 51.0 , 66.0 , 57.48 , 
981 , 50.0 , 63.0 , 56.74 , 
982 , 49.0 , 68.0 , 57.76 , 
983 , 50.0 , 65.0 , 57.06 , 
984 , 51.0 , 64.0 , 56.4 , 
985 , 50.0 , 63.0 , 56.62 , 
986 , 49.0 , 71.0 , 56.68 , 
987 , 50.0 , 65.0 , 55.38 , 
988 , 50.0 , 74.0 , 56.54 , 
989 , 51.0 , 66.0 , 56.62 , 
990 , 50.0 , 69.0 , 56.58 , 
991 , 52.0 , 67.0 , 56.46 , 
992 , 51.0 , 66.0 , 56.1 , 
993 , 51.0 , 63.0 , 55.78 , 
994 , 50.0 , 66.0 , 56.08 , 
995 , 51.0 , 66.0 , 56.96 , 
996 , 50.0 , 69.0 , 57.5 , 
997 , 51.0 , 67.0 , 56.5 , 
998 , 51.0 , 68.0 , 56.72 , 
999 , 51.0 , 67.0 , 56.08 , 
1000 , 51.0 , 64.0 , 56.68 , 
1001 , 50.0 , 64.0 , 55.74 , 
1002 , 51.0 , 64.0 , 55.92 , 
1003 , 51.0 , 67.0 , 57.04 , 
1004 , 49.0 , 70.0 , 55.92 , 
1005 , 50.0 , 65.0 , 56.28 , 
1006 , 50.0 , 66.0 , 56.62 , 
1007 , 50.0 , 63.0 , 55.58 , 
1008 , 52.0 , 68.0 , 56.7 , 
1009 , 49.0 , 64.0 , 56.2 , 
1010 , 49.0 , 71.0 , 56.76 , 
1011 , 50.0 , 66.0 , 56.3 , 
1012 , 50.0 , 65.0 , 55.84 , 
1013 , 52.0 , 65.0 , 56.9 , 
1014 , 51.0 , 63.0 , 56.0 , 
1015 , 51.0 , 68.0 , 55.92 , 
1016 , 50.0 , 64.0 , 56.22 , 
1017 , 50.0 , 64.0 , 56.66 , 
1018 , 50.0 , 75.0 , 56.26 , 
1019 , 51.0 , 67.0 , 57.14 , 
1020 , 51.0 , 65.0 , 56.04 , 
1021 , 50.0 , 73.0 , 56.02 , 
1022 , 50.0 , 67.0 , 57.18 , 
1023 , 50.0 , 67.0 , 55.82 , 
1024 , 51.0 , 68.0 , 55.9 , 
1025 , 50.0 , 74.0 , 56.72 , 
1026 , 51.0 , 66.0 , 55.98 , 
1027 , 50.0 , 64.0 , 55.98 , 
1028 , 49.0 , 72.0 , 56.76 , 
1029 , 51.0 , 67.0 , 56.34 , 
1030 , 49.0 , 71.0 , 56.52 , 
1031 , 52.0 , 63.0 , 55.88 , 
1032 , 51.0 , 67.0 , 56.36 , 
1033 , 49.0 , 67.0 , 57.0 , 
1034 , 52.0 , 68.0 , 58.22 , 
1035 , 48.0 , 68.0 , 56.26 , 
1036 , 50.0 , 65.0 , 56.78 , 
1037 , 50.0 , 66.0 , 56.08 , 
1038 , 50.0 , 65.0 , 56.28 , 
1039 , 50.0 , 66.0 , 56.2 , 
1040 , 51.0 , 68.0 , 57.12 , 
1041 , 50.0 , 69.0 , 56.06 , 
1042 , 52.0 , 70.0 , 56.3 , 
1043 , 50.0 , 65.0 , 56.18 , 
1044 , 50.0 , 67.0 , 56.5 , 
1045 , 51.0 , 67.0 , 56.64 , 
1046 , 51.0 , 67.0 , 56.94 , 
1047 , 50.0 , 68.0 , 57.46 , 
1048 , 52.0 , 65.0 , 57.04 , 
1049 , 51.0 , 66.0 , 56.68 , 
1050 , 50.0 , 64.0 , 56.62 , 
1051 , 51.0 , 64.0 , 56.26 , 
1052 , 50.0 , 63.0 , 55.4 , 
1053 , 50.0 , 65.0 , 56.32 , 
1054 , 50.0 , 62.0 , 56.24 , 
1055 , 50.0 , 64.0 , 55.44 , 
1056 , 50.0 , 65.0 , 56.4 , 
1057 , 50.0 , 67.0 , 56.66 , 
1058 , 49.0 , 65.0 , 56.64 , 
1059 , 50.0 , 68.0 , 56.76 , 
1060 , 50.0 , 68.0 , 56.04 , 
1061 , 50.0 , 65.0 , 57.08 , 
1062 , 51.0 , 68.0 , 56.72 , 
1063 , 51.0 , 65.0 , 56.82 , 
1064 , 51.0 , 64.0 , 55.96 , 
1065 , 49.0 , 65.0 , 56.04 , 
1066 , 50.0 , 63.0 , 55.86 , 
1067 , 49.0 , 67.0 , 56.1 , 
1068 , 50.0 , 67.0 , 56.58 , 
1069 , 49.0 , 67.0 , 55.68 , 
1070 , 50.0 , 67.0 , 56.66 , 
1071 , 51.0 , 65.0 , 56.8 , 
1072 , 51.0 , 64.0 , 56.44 , 
1073 , 51.0 , 65.0 , 55.94 , 
1074 , 50.0 , 66.0 , 56.14 , 
1075 , 51.0 , 64.0 , 56.32 , 
1076 , 51.0 , 69.0 , 56.38 , 
1077 , 50.0 , 62.0 , 55.44 , 
1078 , 51.0 , 64.0 , 56.3 , 
1079 , 52.0 , 65.0 , 55.86 , 
1080 , 49.0 , 65.0 , 56.0 , 
1081 , 49.0 , 67.0 , 56.38 , 
1082 , 51.0 , 62.0 , 54.7 , 
1083 , 50.0 , 69.0 , 57.0 , 
1084 , 50.0 , 66.0 , 56.34 , 
1085 , 51.0 , 66.0 , 56.72 , 
1086 , 50.0 , 64.0 , 55.14 , 
1087 , 50.0 , 62.0 , 55.44 , 
1088 , 49.0 , 63.0 , 55.18 , 
1089 , 50.0 , 69.0 , 56.08 , 
1090 , 51.0 , 68.0 , 56.24 , 
1091 , 51.0 , 69.0 , 55.92 , 
1092 , 50.0 , 63.0 , 54.94 , 
1093 , 49.0 , 65.0 , 55.88 , 
1094 , 51.0 , 65.0 , 56.2 , 
1095 , 52.0 , 64.0 , 56.48 , 
1096 , 49.0 , 65.0 , 55.84 , 
1097 , 50.0 , 63.0 , 55.08 , 
1098 , 50.0 , 64.0 , 55.52 , 
1099 , 50.0 , 60.0 , 54.54 , 
1100 , 50.0 , 64.0 , 55.5 , 
1101 , 49.0 , 65.0 , 55.6 , 
1102 , 51.0 , 62.0 , 55.9 , 
1103 , 49.0 , 64.0 , 55.34 , 
1104 , 49.0 , 64.0 , 55.94 , 
1105 , 50.0 , 70.0 , 55.18 , 
1106 , 52.0 , 65.0 , 56.18 , 
1107 , 51.0 , 62.0 , 54.94 , 
1108 , 51.0 , 65.0 , 55.82 , 
1109 , 51.0 , 64.0 , 55.9 , 
1110 , 48.0 , 67.0 , 56.12 , 
1111 , 50.0 , 63.0 , 55.84 , 
1112 , 50.0 , 66.0 , 55.74 , 
1113 , 51.0 , 63.0 , 56.08 , 
1114 , 51.0 , 68.0 , 56.42 , 
1115 , 50.0 , 63.0 , 55.28 , 
1116 , 50.0 , 67.0 , 55.62 , 
1117 , 50.0 , 64.0 , 55.46 , 
1118 , 50.0 , 66.0 , 56.12 , 
1119 , 50.0 , 65.0 , 54.96 , 
1120 , 50.0 , 63.0 , 55.92 , 
1121 , 49.0 , 66.0 , 54.9 , 
1122 , 49.0 , 66.0 , 55.8 , 
1123 , 50.0 , 65.0 , 56.08 , 
1124 , 50.0 , 64.0 , 56.06 , 
1125 , 51.0 , 65.0 , 55.46 , 
1126 , 51.0 , 70.0 , 56.42 , 
1127 , 50.0 , 62.0 , 55.36 , 
1128 , 50.0 , 63.0 , 55.0 , 
1129 , 51.0 , 68.0 , 56.38 , 
1130 , 51.0 , 66.0 , 55.92 , 
1131 , 50.0 , 66.0 , 55.94 , 
1132 , 50.0 , 64.0 , 56.34 , 
1133 , 50.0 , 64.0 , 56.08 , 
1134 , 50.0 , 62.0 , 55.12 , 
1135 , 52.0 , 64.0 , 55.66 , 
1136 , 51.0 , 69.0 , 55.86 , 
1137 , 51.0 , 62.0 , 55.52 , 
1138 , 51.0 , 69.0 , 56.36 , 
1139 , 49.0 , 64.0 , 55.04 , 
1140 , 51.0 , 63.0 , 55.22 , 
1141 , 49.0 , 74.0 , 55.84 , 
1142 , 50.0 , 65.0 , 54.76 , 
1143 , 50.0 , 59.0 , 54.92 , 
1144 , 50.0 , 64.0 , 55.38 , 
1145 , 51.0 , 62.0 , 54.88 , 
1146 , 49.0 , 66.0 , 55.82 , 
1147 , 51.0 , 68.0 , 56.42 , 
1148 , 50.0 , 66.0 , 55.98 , 
1149 , 48.0 , 60.0 , 54.42 , 
1150 , 51.0 , 73.0 , 55.5 , 
1151 , 49.0 , 63.0 , 54.86 , 
1152 , 49.0 , 67.0 , 55.7 , 
1153 , 51.0 , 66.0 , 55.58 , 
1154 , 50.0 , 66.0 , 55.96 , 
1155 , 51.0 , 66.0 , 55.82 , 
1156 , 48.0 , 63.0 , 54.58 , 
1157 , 49.0 , 70.0 , 56.12 , 
1158 , 50.0 , 69.0 , 56.46 , 
1159 , 50.0 , 65.0 , 55.78 , 
1160 , 50.0 , 65.0 , 56.4 , 
1161 , 51.0 , 62.0 , 55.8 , 
1162 , 50.0 , 61.0 , 54.22 , 
1163 , 51.0 , 61.0 , 55.64 , 
1164 , 51.0 , 65.0 , 56.1 , 
1165 , 48.0 , 61.0 , 54.66 , 
1166 , 50.0 , 69.0 , 55.6 , 
1167 , 50.0 , 62.0 , 55.62 , 
1168 , 50.0 , 65.0 , 56.24 , 
1169 , 51.0 , 66.0 , 55.9 , 
1170 , 50.0 , 63.0 , 54.76 , 
1171 , 51.0 , 64.0 , 55.34 , 
1172 , 50.0 , 60.0 , 54.34 , 
1173 , 49.0 , 62.0 , 54.74 , 
1174 , 50.0 , 68.0 , 55.84 , 
1175 , 50.0 , 63.0 , 55.08 , 
1176 , 48.0 , 63.0 , 54.9 , 
1177 , 48.0 , 60.0 , 54.28 , 
1178 , 49.0 , 66.0 , 55.46 , 
1179 , 50.0 , 65.0 , 55.48 , 
1180 , 51.0 , 65.0 , 55.88 , 
1181 , 50.0 , 66.0 , 56.38 , 
1182 , 50.0 , 62.0 , 55.0 , 
1183 , 50.0 , 64.0 , 55.42 , 
1184 , 51.0 , 65.0 , 55.78 , 
1185 , 50.0 , 65.0 , 55.14 , 
1186 , 50.0 , 66.0 , 54.92 , 
1187 , 49.0 , 62.0 , 54.58 , 
1188 , 49.0 , 65.0 , 56.2 , 
1189 , 50.0 , 65.0 , 55.74 , 
1190 , 50.0 , 64.0 , 55.3 , 
1191 , 50.0 , 63.0 , 55.48 , 
1192 , 49.0 , 64.0 , 56.2 , 
1193 , 50.0 , 67.0 , 55.24 , 
1194 , 49.0 , 62.0 , 55.34 , 
1195 , 49.0 , 64.0 , 55.68 , 
1196 , 50.0 , 62.0 , 54.74 , 
1197 , 51.0 , 62.0 , 55.24 , 
1198 , 51.0 , 62.0 , 54.94 , 
1199 , 50.0 , 65.0 , 54.94 , 
1200 , 49.0 , 70.0 , 55.94 , 
1201 , 50.0 , 68.0 , 55.38 , 
1202 , 50.0 , 66.0 , 54.8 , 
1203 , 49.0 , 62.0 , 55.42 , 
1204 , 50.0 , 63.0 , 55.28 , 
1205 , 50.0 , 60.0 , 55.0 , 
1206 , 50.0 , 62.0 , 55.2 , 
1207 , 48.0 , 64.0 , 55.68 , 
1208 , 50.0 , 64.0 , 55.28 , 
1209 , 49.0 , 65.0 , 54.54 , 
1210 , 50.0 , 63.0 , 55.72 , 
1211 , 51.0 , 64.0 , 55.4 , 
1212 , 49.0 , 65.0 , 55.26 , 
1213 , 48.0 , 64.0 , 55.98 , 
1214 , 50.0 , 60.0 , 55.02 , 
1215 , 49.0 , 67.0 , 55.06 , 
1216 , 48.0 , 63.0 , 55.08 , 
1217 , 50.0 , 62.0 , 54.94 , 
1218 , 50.0 , 63.0 , 54.7 , 
1219 , 50.0 , 65.0 , 54.9 , 
1220 , 49.0 , 61.0 , 54.8 , 
1221 , 49.0 , 62.0 , 54.78 , 
1222 , 49.0 , 64.0 , 54.48 , 
1223 , 48.0 , 62.0 , 54.5 , 
1224 , 49.0 , 63.0 , 55.48 , 
1225 , 49.0 , 61.0 , 54.32 , 
1226 , 49.0 , 64.0 , 54.94 , 
1227 , 50.0 , 62.0 , 55.04 , 
1228 , 48.0 , 63.0 , 55.34 , 
1229 , 49.0 , 66.0 , 55.28 , 
1230 , 50.0 , 63.0 , 55.2 , 
1231 , 50.0 , 63.0 , 55.38 , 
1232 , 48.0 , 64.0 , 54.52 , 
1233 , 49.0 , 63.0 , 55.2 , 
1234 , 49.0 , 61.0 , 54.54 , 
1235 , 50.0 , 67.0 , 55.64 , 
1236 , 48.0 , 62.0 , 54.48 , 
1237 , 50.0 , 71.0 , 55.48 , 
1238 , 50.0 , 66.0 , 55.08 , 
1239 , 49.0 , 62.0 , 54.94 , 
1240 , 48.0 , 64.0 , 55.36 , 
1241 , 50.0 , 61.0 , 54.28 , 
1242 , 50.0 , 63.0 , 55.18 , 
1243 , 50.0 , 65.0 , 54.96 , 
1244 , 51.0 , 64.0 , 54.38 , 
1245 , 50.0 , 61.0 , 54.82 , 
1246 , 50.0 , 64.0 , 55.12 , 
1247 , 50.0 , 66.0 , 55.52 , 
1248 , 50.0 , 62.0 , 54.86 , 
1249 , 49.0 , 66.0 , 54.62 , 
1250 , 50.0 , 64.0 , 54.74 , 
1251 , 48.0 , 66.0 , 55.68 , 
1252 , 51.0 , 63.0 , 55.52 , 
1253 , 50.0 , 62.0 , 54.7 , 
1254 , 50.0 , 63.0 , 54.4 , 
1255 , 49.0 , 69.0 , 54.44 , 
1256 , 50.0 , 63.0 , 54.9 , 
1257 , 48.0 , 64.0 , 55.44 , 
1258 , 49.0 , 63.0 , 54.56 , 
1259 , 50.0 , 66.0 , 54.88 , 
1260 , 48.0 , 65.0 , 54.88 , 
1261 , 50.0 , 61.0 , 54.28 , 
1262 , 50.0 , 63.0 , 55.04 , 
1263 , 49.0 , 64.0 , 55.58 , 
1264 , 49.0 , 62.0 , 54.9 , 
1265 , 49.0 , 63.0 , 54.94 , 
1266 , 49.0 , 62.0 , 55.3 , 
1267 , 50.0 , 61.0 , 55.12 , 
1268 , 48.0 , 62.0 , 55.12 , 
1269 , 49.0 , 61.0 , 54.64 , 
1270 , 50.0 , 61.0 , 54.7 , 
1271 , 48.0 , 64.0 , 54.18 , 
1272 , 51.0 , 69.0 , 55.88 , 
1273 , 49.0 , 68.0 , 55.56 , 
1274 , 50.0 , 66.0 , 54.66 , 
1275 , 49.0 , 62.0 , 54.46 , 
1276 , 48.0 , 60.0 , 54.1 , 
1277 , 49.0 , 62.0 , 54.44 , 
1278 , 50.0 , 62.0 , 54.58 , 
1279 , 49.0 , 63.0 , 55.12 , 
1280 , 50.0 , 64.0 , 54.42 , 
1281 , 49.0 , 64.0 , 54.64 , 
1282 , 50.0 , 64.0 , 55.12 , 
1283 , 49.0 , 63.0 , 54.28 , 
1284 , 50.0 , 64.0 , 55.18 , 
1285 , 49.0 , 62.0 , 54.5 , 
1286 , 48.0 , 66.0 , 55.18 , 
1287 , 50.0 , 61.0 , 54.48 , 
1288 , 50.0 , 63.0 , 54.52 , 
1289 , 49.0 , 62.0 , 54.78 , 
1290 , 49.0 , 63.0 , 54.68 , 
1291 , 50.0 , 64.0 , 54.64 , 
1292 , 50.0 , 66.0 , 54.86 , 
1293 , 50.0 , 65.0 , 54.58 , 
1294 , 48.0 , 62.0 , 54.86 , 
1295 , 50.0 , 63.0 , 55.04 , 
1296 , 49.0 , 63.0 , 54.6 , 
1297 , 49.0 , 60.0 , 54.52 , 
1298 , 49.0 , 61.0 , 54.2 , 
1299 , 50.0 , 64.0 , 55.4 , 
1300 , 49.0 , 63.0 , 54.02 , 
1301 , 48.0 , 64.0 , 55.24 , 
1302 , 50.0 , 60.0 , 54.54 , 
1303 , 49.0 , 67.0 , 54.6 , 
1304 , 50.0 , 65.0 , 54.82 , 
1305 , 48.0 , 63.0 , 54.22 , 
1306 , 50.0 , 65.0 , 54.7 , 
1307 , 49.0 , 62.0 , 54.44 , 
1308 , 48.0 , 58.0 , 53.18 , 
1309 , 49.0 , 60.0 , 53.44 , 
1310 , 49.0 , 62.0 , 54.72 , 
1311 , 50.0 , 66.0 , 55.08 , 
1312 , 50.0 , 60.0 , 53.9 , 
1313 , 50.0 , 62.0 , 54.74 , 
1314 , 48.0 , 63.0 , 54.76 , 
1315 , 50.0 , 62.0 , 54.52 , 
1316 , 49.0 , 63.0 , 55.22 , 
1317 , 49.0 , 62.0 , 54.1 , 
1318 , 50.0 , 63.0 , 55.42 , 
1319 , 48.0 , 62.0 , 54.86 , 
1320 , 50.0 , 66.0 , 54.38 , 
1321 , 50.0 , 66.0 , 54.46 , 
1322 , 48.0 , 66.0 , 55.1 , 
1323 , 49.0 , 62.0 , 54.3 , 
1324 , 48.0 , 63.0 , 54.56 , 
1325 , 50.0 , 64.0 , 55.04 , 
1326 , 48.0 , 63.0 , 54.24 , 
1327 , 49.0 , 65.0 , 54.56 , 
1328 , 49.0 , 62.0 , 54.28 , 
1329 , 49.0 , 63.0 , 54.46 , 
1330 , 49.0 , 65.0 , 54.82 , 
1331 , 48.0 , 63.0 , 54.68 , 
1332 , 50.0 , 67.0 , 55.08 , 
1333 , 49.0 , 65.0 , 55.28 , 
1334 , 49.0 , 64.0 , 54.74 , 
1335 , 49.0 , 63.0 , 54.84 , 
1336 , 49.0 , 65.0 , 54.68 , 
1337 , 49.0 , 64.0 , 54.6 , 
1338 , 50.0 , 65.0 , 54.94 , 
1339 , 50.0 , 63.0 , 55.54 , 
1340 , 49.0 , 61.0 , 54.54 , 
1341 , 48.0 , 65.0 , 54.1 , 
1342 , 48.0 , 63.0 , 55.22 , 
1343 , 49.0 , 62.0 , 54.6 , 
1344 , 49.0 , 64.0 , 53.88 , 
1345 , 49.0 , 63.0 , 54.46 , 
1346 , 50.0 , 61.0 , 54.66 , 
1347 , 49.0 , 61.0 , 54.44 , 
1348 , 49.0 , 63.0 , 54.86 , 
1349 , 49.0 , 67.0 , 55.04 , 
1350 , 49.0 , 61.0 , 53.88 , 
1351 , 50.0 , 61.0 , 54.86 , 
1352 , 49.0 , 63.0 , 54.12 , 
1353 , 49.0 , 64.0 , 54.8 , 
1354 , 49.0 , 64.0 , 54.44 , 
1355 , 50.0 , 62.0 , 54.32 , 
1356 , 50.0 , 62.0 , 54.7 , 
1357 , 50.0 , 60.0 , 54.92 , 
1358 , 49.0 , 69.0 , 54.84 , 
1359 , 49.0 , 59.0 , 53.84 , 
1360 , 49.0 , 64.0 , 55.26 , 
1361 , 50.0 , 62.0 , 54.32 , 
1362 , 49.0 , 65.0 , 54.8 , 
1363 , 50.0 , 68.0 , 55.52 , 
1364 , 49.0 , 64.0 , 54.18 , 
1365 , 48.0 , 62.0 , 54.26 , 
1366 , 48.0 , 66.0 , 55.12 , 
1367 , 50.0 , 61.0 , 54.82 , 
1368 , 50.0 , 65.0 , 54.38 , 
1369 , 49.0 , 65.0 , 54.52 , 
1370 , 48.0 , 63.0 , 53.66 , 
1371 , 48.0 , 59.0 , 53.98 , 
1372 , 50.0 , 67.0 , 54.72 , 
1373 , 49.0 , 63.0 , 54.54 , 
1374 , 50.0 , 62.0 , 54.24 , 
1375 , 48.0 , 60.0 , 54.12 , 
1376 , 49.0 , 67.0 , 54.64 , 
1377 , 51.0 , 60.0 , 54.72 , 
1378 , 50.0 , 65.0 , 54.78 , 
1379 , 50.0 , 69.0 , 54.78 , 
1380 , 48.0 , 62.0 , 54.3 , 
1381 , 48.0 , 61.0 , 54.38 , 
1382 , 49.0 , 67.0 , 55.16 , 
1383 , 50.0 , 62.0 , 55.2 , 
1384 , 48.0 , 62.0 , 54.42 , 
1385 , 50.0 , 61.0 , 54.56 , 
1386 , 49.0 , 60.0 , 53.8 , 
1387 , 48.0 , 61.0 , 54.78 , 
1388 , 49.0 , 60.0 , 53.76 , 
1389 , 51.0 , 66.0 , 55.0 , 
1390 , 50.0 , 63.0 , 54.34 , 
1391 , 50.0 , 65.0 , 55.26 , 
1392 , 49.0 , 62.0 , 54.3 , 
1393 , 49.0 , 62.0 , 54.1 , 
1394 , 50.0 , 61.0 , 54.02 , 
1395 , 48.0 , 63.0 , 54.48 , 
1396 , 50.0 , 65.0 , 54.48 , 
1397 , 50.0 , 62.0 , 54.2 , 
1398 , 50.0 , 61.0 , 54.18 , 
1399 , 48.0 , 61.0 , 54.7 , 
1400 , 49.0 , 63.0 , 54.02 , 
1401 , 50.0 , 67.0 , 55.02 , 
1402 , 49.0 , 60.0 , 53.7 , 
1403 , 48.0 , 61.0 , 54.18 , 
1404 , 50.0 , 59.0 , 54.4 , 
1405 , 49.0 , 67.0 , 53.9 , 
1406 , 49.0 , 64.0 , 54.24 , 
1407 , 50.0 , 65.0 , 54.72 , 
1408 , 49.0 , 63.0 , 54.58 , 
1409 , 48.0 , 61.0 , 54.08 , 
1410 , 49.0 , 62.0 , 54.38 , 
1411 , 48.0 , 65.0 , 54.44 , 
1412 , 49.0 , 66.0 , 55.06 , 
1413 , 50.0 , 63.0 , 54.68 , 
1414 , 49.0 , 61.0 , 53.48 , 
1415 , 50.0 , 61.0 , 54.14 , 
1416 , 49.0 , 62.0 , 53.74 , 
1417 , 49.0 , 61.0 , 54.78 , 
1418 , 49.0 , 61.0 , 54.54 , 
1419 , 49.0 , 62.0 , 54.0 , 
1420 , 50.0 , 63.0 , 53.96 , 
1421 , 49.0 , 62.0 , 53.82 , 
1422 , 50.0 , 61.0 , 53.78 , 
1423 , 49.0 , 63.0 , 54.6 , 
1424 , 48.0 , 63.0 , 54.66 , 
1425 , 49.0 , 62.0 , 54.18 , 
1426 , 49.0 , 62.0 , 54.28 , 
1427 , 50.0 , 63.0 , 54.38 , 
1428 , 49.0 , 64.0 , 54.48 , 
1429 , 49.0 , 65.0 , 54.22 , 
1430 , 49.0 , 67.0 , 55.06 , 
1431 , 48.0 , 62.0 , 54.44 , 
1432 , 50.0 , 62.0 , 54.46 , 
1433 , 49.0 , 65.0 , 55.08 , 
1434 , 48.0 , 61.0 , 54.56 , 
1435 , 49.0 , 63.0 , 54.62 , 
1436 , 50.0 , 61.0 , 54.28 , 
1437 , 50.0 , 64.0 , 54.54 , 
1438 , 50.0 , 61.0 , 54.54 , 
1439 , 50.0 , 66.0 , 53.98 , 
1440 , 48.0 , 60.0 , 54.38 , 
1441 , 50.0 , 64.0 , 55.08 , 
1442 , 50.0 , 61.0 , 54.14 , 
1443 , 50.0 , 61.0 , 54.82 , 
1444 , 50.0 , 65.0 , 54.52 , 
1445 , 49.0 , 66.0 , 55.32 , 
1446 , 51.0 , 62.0 , 55.08 , 
1447 , 50.0 , 61.0 , 54.02 , 
1448 , 49.0 , 60.0 , 53.94 , 
1449 , 49.0 , 62.0 , 54.12 , 
1450 , 49.0 , 66.0 , 54.96 , 
1451 , 50.0 , 62.0 , 54.32 , 
1452 , 50.0 , 62.0 , 54.46 , 
1453 , 48.0 , 65.0 , 54.24 , 
1454 , 49.0 , 68.0 , 54.46 , 
1455 , 48.0 , 63.0 , 54.7 , 
1456 , 49.0 , 63.0 , 54.58 , 
1457 , 49.0 , 71.0 , 54.0 , 
1458 , 50.0 , 62.0 , 54.86 , 
1459 , 49.0 , 61.0 , 53.98 , 
1460 , 50.0 , 62.0 , 54.24 , 
1461 , 48.0 , 64.0 , 54.94 , 
1462 , 50.0 , 64.0 , 54.34 , 
1463 , 50.0 , 61.0 , 54.54 , 
1464 , 49.0 , 60.0 , 53.92 , 
1465 , 50.0 , 65.0 , 54.52 , 
1466 , 48.0 , 60.0 , 53.66 , 
1467 , 50.0 , 62.0 , 54.02 , 
1468 , 49.0 , 61.0 , 53.62 , 
1469 , 49.0 , 58.0 , 53.38 , 
1470 , 50.0 , 63.0 , 54.68 , 
1471 , 49.0 , 64.0 , 54.62 , 
1472 , 48.0 , 59.0 , 53.9 , 
1473 , 50.0 , 65.0 , 54.84 , 
1474 , 48.0 , 62.0 , 55.16 , 
1475 , 50.0 , 62.0 , 54.76 , 
1476 , 49.0 , 65.0 , 54.86 , 
1477 , 50.0 , 62.0 , 54.76 , 
1478 , 49.0 , 59.0 , 53.92 , 
1479 , 49.0 , 64.0 , 54.18 , 
1480 , 50.0 , 60.0 , 53.9 , 
1481 , 48.0 , 63.0 , 54.66 , 
1482 , 49.0 , 60.0 , 54.38 , 
1483 , 49.0 , 61.0 , 54.08 , 
1484 , 50.0 , 67.0 , 53.9 , 
1485 , 49.0 , 65.0 , 55.08 , 
1486 , 50.0 , 61.0 , 54.16 , 
1487 , 49.0 , 64.0 , 54.76 , 
1488 , 50.0 , 63.0 , 54.82 , 
1489 , 49.0 , 64.0 , 54.48 , 
1490 , 48.0 , 61.0 , 54.06 , 
1491 , 50.0 , 61.0 , 54.22 , 
1492 , 49.0 , 59.0 , 54.54 , 
1493 , 48.0 , 64.0 , 54.44 , 
1494 , 50.0 , 65.0 , 53.98 , 
1495 , 50.0 , 62.0 , 54.36 , 
1496 , 49.0 , 62.0 , 54.52 , 
1497 , 49.0 , 64.0 , 54.48 , 
1498 , 49.0 , 61.0 , 54.96 , 
1499 , 49.0 , 61.0 , 53.88 , 
1500 , 48.0 , 61.0 , 54.86 , 
1501 , 48.0 , 60.0 , 54.36 , 
1502 , 49.0 , 62.0 , 54.38 , 
1503 , 50.0 , 64.0 , 54.1 , 
1504 , 49.0 , 62.0 , 54.28 , 
1505 , 48.0 , 63.0 , 53.88 , 
1506 , 48.0 , 59.0 , 54.34 , 
1507 , 49.0 , 60.0 , 54.0 , 
1508 , 50.0 , 66.0 , 54.2 , 
1509 , 49.0 , 66.0 , 54.44 , 
1510 , 50.0 , 59.0 , 53.76 , 
1511 , 50.0 , 63.0 , 54.36 , 
1512 , 48.0 , 62.0 , 53.94 , 
1513 , 49.0 , 61.0 , 53.94 , 
1514 , 49.0 , 65.0 , 54.02 , 
1515 , 49.0 , 60.0 , 53.92 , 
1516 , 49.0 , 62.0 , 54.42 , 
1517 , 48.0 , 61.0 , 54.04 , 
1518 , 49.0 , 63.0 , 54.3 , 
1519 , 48.0 , 59.0 , 53.68 , 
1520 , 49.0 , 61.0 , 54.08 , 
1521 , 48.0 , 64.0 , 53.98 , 
1522 , 50.0 , 65.0 , 54.72 , 
1523 , 49.0 , 62.0 , 54.66 , 
1524 , 49.0 , 61.0 , 54.32 , 
1525 , 48.0 , 63.0 , 54.38 , 
1526 , 50.0 , 64.0 , 54.64 , 
1527 , 50.0 , 59.0 , 53.44 , 
1528 , 49.0 , 63.0 , 53.52 , 
1529 , 49.0 , 64.0 , 55.06 , 
1530 , 48.0 , 61.0 , 54.16 , 
1531 , 48.0 , 62.0 , 53.84 , 
1532 , 50.0 , 61.0 , 54.18 , 
1533 , 49.0 , 60.0 , 53.82 , 
1534 , 49.0 , 61.0 , 53.64 , 
1535 , 48.0 , 66.0 , 54.2 , 
1536 , 50.0 , 63.0 , 54.38 , 
1537 , 50.0 , 63.0 , 54.48 , 
1538 , 50.0 , 65.0 , 54.86 , 
1539 , 48.0 , 59.0 , 53.74 , 
1540 , 49.0 , 61.0 , 53.88 , 
1541 , 49.0 , 63.0 , 54.16 , 
1542 , 50.0 , 61.0 , 53.86 , 
1543 , 49.0 , 63.0 , 54.26 , 
1544 , 50.0 , 60.0 , 54.78 , 
1545 , 49.0 , 64.0 , 55.02 , 
1546 , 50.0 , 62.0 , 53.96 , 
1547 , 50.0 , 62.0 , 54.22 , 
1548 , 50.0 , 62.0 , 53.84 , 
1549 , 48.0 , 59.0 , 54.16 , 
1550 , 48.0 , 63.0 , 53.86 , 
1551 , 50.0 , 63.0 , 54.7 , 
1552 , 49.0 , 63.0 , 54.16 , 
1553 , 50.0 , 61.0 , 53.98 , 
1554 , 49.0 , 61.0 , 54.0 , 
1555 , 50.0 , 67.0 , 55.1 , 
1556 , 49.0 , 60.0 , 53.58 , 
1557 , 49.0 , 63.0 , 54.06 , 
1558 , 48.0 , 60.0 , 54.06 , 
1559 , 49.0 , 59.0 , 53.62 , 
1560 , 49.0 , 64.0 , 54.94 , 
1561 , 49.0 , 63.0 , 53.9 , 
1562 , 49.0 , 60.0 , 53.84 , 
1563 , 50.0 , 67.0 , 54.32 , 
1564 , 50.0 , 61.0 , 54.22 , 
1565 , 50.0 , 61.0 , 54.04 , 
1566 , 50.0 , 63.0 , 53.6 , 
1567 , 49.0 , 62.0 , 54.26 , 
1568 , 50.0 , 60.0 , 54.46 , 
1569 , 48.0 , 60.0 , 53.82 , 
1570 , 49.0 , 61.0 , 54.16 , 
1571 , 50.0 , 61.0 , 54.56 , 
1572 , 49.0 , 61.0 , 53.54 , 
1573 , 48.0 , 60.0 , 53.9 , 
1574 , 50.0 , 59.0 , 54.24 , 
1575 , 49.0 , 63.0 , 53.64 , 
1576 , 48.0 , 61.0 , 54.06 , 
1577 , 50.0 , 64.0 , 54.7 , 
1578 , 49.0 , 62.0 , 53.98 , 
1579 , 48.0 , 65.0 , 54.48 , 
1580 , 49.0 , 62.0 , 54.5 , 
1581 , 49.0 , 61.0 , 53.26 , 
1582 , 50.0 , 60.0 , 54.34 , 
1583 , 48.0 , 60.0 , 53.9 , 
1584 , 50.0 , 61.0 , 53.92 , 
1585 , 49.0 , 59.0 , 53.64 , 
1586 , 48.0 , 63.0 , 53.56 , 
1587 , 48.0 , 63.0 , 53.48 , 
1588 , 49.0 , 63.0 , 53.84 , 
1589 , 48.0 , 59.0 , 53.32 , 
1590 , 49.0 , 62.0 , 53.56 , 
1591 , 48.0 , 62.0 , 53.74 , 
1592 , 48.0 , 64.0 , 53.88 , 
1593 , 48.0 , 64.0 , 54.44 , 
1594 , 49.0 , 63.0 , 54.16 , 
1595 , 49.0 , 63.0 , 54.28 , 
1596 , 49.0 , 60.0 , 53.7 , 
1597 , 50.0 , 62.0 , 53.12 , 
1598 , 49.0 , 60.0 , 54.28 , 
1599 , 48.0 , 63.0 , 54.0 , 
1600 , 48.0 , 66.0 , 53.66 , 
1601 , 48.0 , 61.0 , 53.66 , 
1602 , 48.0 , 61.0 , 54.06 , 
1603 , 49.0 , 59.0 , 53.46 , 
1604 , 48.0 , 66.0 , 54.46 , 
1605 , 48.0 , 62.0 , 53.52 , 
1606 , 49.0 , 60.0 , 53.3 , 
1607 , 49.0 , 59.0 , 53.44 , 
1608 , 48.0 , 62.0 , 53.78 , 
1609 , 48.0 , 59.0 , 53.56 , 
1610 , 48.0 , 59.0 , 53.12 , 
1611 , 48.0 , 62.0 , 53.08 , 
1612 , 50.0 , 61.0 , 54.18 , 
1613 , 49.0 , 61.0 , 53.78 , 
1614 , 49.0 , 61.0 , 54.32 , 
1615 , 49.0 , 65.0 , 54.1 , 
1616 , 48.0 , 60.0 , 53.76 , 
1617 , 49.0 , 60.0 , 53.58 , 
1618 , 49.0 , 61.0 , 53.9 , 
1619 , 48.0 , 61.0 , 54.22 , 
1620 , 50.0 , 62.0 , 54.14 , 
1621 , 49.0 , 62.0 , 53.88 , 
1622 , 48.0 , 59.0 , 53.86 , 
1623 , 50.0 , 63.0 , 53.88 , 
1624 , 50.0 , 64.0 , 54.28 , 
1625 , 48.0 , 61.0 , 53.8 , 
1626 , 50.0 , 60.0 , 53.94 , 
1627 , 48.0 , 63.0 , 54.58 , 
1628 , 49.0 , 60.0 , 53.88 , 
1629 , 50.0 , 60.0 , 54.06 , 
1630 , 49.0 , 62.0 , 53.66 , 
1631 , 50.0 , 59.0 , 53.32 , 
1632 , 49.0 , 60.0 , 53.88 , 
1633 , 48.0 , 65.0 , 54.08 , 
1634 , 50.0 , 61.0 , 54.62 , 
1635 , 49.0 , 63.0 , 54.98 , 
1636 , 49.0 , 61.0 , 53.82 , 
1637 , 48.0 , 59.0 , 53.28 , 
1638 , 48.0 , 61.0 , 53.9 , 
1639 , 50.0 , 63.0 , 54.14 , 
1640 , 48.0 , 60.0 , 53.76 , 
1641 , 51.0 , 59.0 , 53.6 , 
1642 , 48.0 , 63.0 , 53.32 , 
1643 , 50.0 , 61.0 , 53.28 , 
1644 , 48.0 , 61.0 , 54.18 , 
1645 , 48.0 , 61.0 , 54.5 , 
1646 , 50.0 , 59.0 , 53.58 , 
1647 , 49.0 , 63.0 , 54.18 , 
1648 , 48.0 , 59.0 , 53.7 , 
1649 , 48.0 , 65.0 , 53.82 , 
1650 , 49.0 , 63.0 , 54.66 , 
1651 , 48.0 , 63.0 , 53.82 , 
1652 , 50.0 , 63.0 , 54.04 , 
1653 , 48.0 , 62.0 , 54.38 , 
1654 , 48.0 , 58.0 , 52.92 , 
1655 , 48.0 , 62.0 , 54.02 , 
1656 , 49.0 , 65.0 , 54.24 , 
1657 , 48.0 , 60.0 , 54.2 , 
1658 , 49.0 , 60.0 , 53.58 , 
1659 , 50.0 , 60.0 , 53.96 , 
1660 , 48.0 , 62.0 , 53.78 , 
1661 , 49.0 , 64.0 , 53.96 , 
1662 , 48.0 , 62.0 , 53.78 , 
1663 , 50.0 , 62.0 , 54.08 , 
1664 , 48.0 , 61.0 , 54.3 , 
1665 , 50.0 , 61.0 , 54.04 , 
1666 , 49.0 , 64.0 , 53.72 , 
1667 , 48.0 , 61.0 , 53.42 , 
1668 , 50.0 , 64.0 , 54.04 , 
1669 , 48.0 , 65.0 , 53.82 , 
1670 , 48.0 , 61.0 , 54.14 , 
1671 , 49.0 , 62.0 , 54.3 , 
1672 , 49.0 , 62.0 , 53.82 , 
1673 , 48.0 , 63.0 , 54.34 , 
1674 , 50.0 , 62.0 , 54.34 , 
1675 , 48.0 , 65.0 , 54.52 , 
1676 , 48.0 , 58.0 , 53.64 , 
1677 , 49.0 , 60.0 , 53.7 , 
1678 , 50.0 , 61.0 , 54.0 , 
1679 , 48.0 , 62.0 , 53.52 , 
1680 , 48.0 , 61.0 , 53.62 , 
1681 , 48.0 , 60.0 , 54.08 , 
1682 , 49