Machine = 5,Job = 5,Task = 12,Ant = 50,
Sedai , Best ,, Bad , Average 
0 , 55.0 , 83.0 , 67.24 , 
1 , 54.0 , 85.0 , 66.46 , 
2 , 57.0 , 78.0 , 65.72 , 
3 , 54.0 , 76.0 , 63.7 , 
4 , 54.0 , 75.0 , 64.48 , 
5 , 52.0 , 74.0 , 63.62 , 
6 , 56.0 , 80.0 , 65.48 , 
7 , 53.0 , 73.0 , 63.38 , 
8 , 54.0 , 73.0 , 63.14 , 
9 , 52.0 , 75.0 , 63.22 , 
10 , 54.0 , 75.0 , 63.96 , 
11 , 50.0 , 78.0 , 64.24 , 
12 , 52.0 , 76.0 , 63.46 , 
13 , 55.0 , 76.0 , 63.34 , 
14 , 53.0 , 76.0 , 64.56 , 
15 , 55.0 , 81.0 , 64.18 , 
16 , 51.0 , 78.0 , 62.5 , 
17 , 53.0 , 73.0 , 61.62 , 
18 , 53.0 , 79.0 , 62.6 , 
19 , 48.0 , 74.0 , 62.12 , 
20 , 50.0 , 74.0 , 61.28 , 
21 , 53.0 , 73.0 , 62.46 , 
22 , 51.0 , 77.0 , 61.28 , 
23 , 52.0 , 74.0 , 61.54 , 
24 , 52.0 , 71.0 , 62.28 , 
25 , 51.0 , 68.0 , 60.3 , 
26 , 51.0 , 72.0 , 60.92 , 
27 , 48.0 , 70.0 , 60.22 , 
28 , 51.0 , 76.0 , 60.32 , 
29 , 51.0 , 73.0 , 60.2 , 
30 , 51.0 , 82.0 , 61.12 , 
31 , 50.0 , 72.0 , 59.58 , 
32 , 50.0 , 73.0 , 59.72 , 
33 , 52.0 , 70.0 , 60.08 , 
34 , 52.0 , 69.0 , 60.16 , 
35 , 51.0 , 71.0 , 59.28 , 
36 , 47.0 , 69.0 , 59.6 , 
37 , 50.0 , 72.0 , 59.86 , 
38 , 50.0 , 70.0 , 59.2 , 
39 , 52.0 , 69.0 , 58.52 , 
40 , 49.0 , 70.0 , 59.72 , 
41 , 50.0 , 76.0 , 60.6 , 
42 , 52.0 , 70.0 , 60.8 , 
43 , 52.0 , 71.0 , 59.06 , 
44 , 51.0 , 78.0 , 59.34 , 
45 , 50.0 , 70.0 , 59.4 , 
46 , 51.0 , 74.0 , 59.7 , 
47 , 52.0 , 73.0 , 59.48 , 
48 , 50.0 , 71.0 , 57.96 , 
49 , 51.0 , 69.0 , 58.94 , 
50 , 48.0 , 70.0 , 59.36 , 
51 , 50.0 , 72.0 , 58.66 , 
52 , 48.0 , 74.0 , 58.42 , 
53 , 51.0 , 70.0 , 58.18 , 
54 , 49.0 , 71.0 , 58.38 , 
55 , 48.0 , 77.0 , 57.0 , 
56 , 50.0 , 70.0 , 58.2 , 
57 , 49.0 , 71.0 , 58.16 , 
58 , 50.0 , 65.0 , 57.96 , 
59 , 49.0 , 68.0 , 58.14 , 
60 , 50.0 , 66.0 , 57.54 , 
61 , 50.0 , 69.0 , 57.08 , 
62 , 50.0 , 69.0 , 56.98 , 
63 , 49.0 , 67.0 , 57.94 , 
64 , 49.0 , 68.0 , 57.78 , 
65 , 50.0 , 65.0 , 58.28 , 
66 , 50.0 , 67.0 , 57.64 , 
67 , 51.0 , 72.0 , 57.84 , 
68 , 51.0 , 69.0 , 57.74 , 
69 , 51.0 , 68.0 , 58.5 , 
70 , 48.0 , 67.0 , 57.24 , 
71 , 50.0 , 65.0 , 57.5 , 
72 , 50.0 , 67.0 , 58.1 , 
73 , 49.0 , 66.0 , 57.4 , 
74 , 50.0 , 66.0 , 56.94 , 
75 , 47.0 , 64.0 , 56.12 , 
76 , 50.0 , 68.0 , 57.5 , 
77 , 47.0 , 65.0 , 56.96 , 
78 , 50.0 , 72.0 , 56.66 , 
79 , 49.0 , 67.0 , 56.82 , 
80 , 50.0 , 71.0 , 57.88 , 
81 , 47.0 , 65.0 , 56.72 , 
82 , 48.0 , 68.0 , 56.86 , 
83 , 49.0 , 69.0 , 57.98 , 
84 , 49.0 , 74.0 , 57.48 , 
85 , 49.0 , 65.0 , 56.08 , 
86 , 48.0 , 67.0 , 57.46 , 
87 , 47.0 , 64.0 , 56.42 , 
88 , 48.0 , 70.0 , 57.42 , 
89 , 47.0 , 63.0 , 56.78 , 
90 , 48.0 , 67.0 , 57.94 , 
91 , 50.0 , 67.0 , 56.94 , 
92 , 47.0 , 67.0 , 56.24 , 
93 , 48.0 , 66.0 , 56.4 , 
94 , 48.0 , 69.0 , 56.66 , 
95 , 48.0 , 63.0 , 56.3 , 
96 , 50.0 , 66.0 , 56.94 , 
97 , 50.0 , 65.0 , 55.96 , 
98 , 47.0 , 69.0 , 55.96 , 
99 , 48.0 , 64.0 , 56.56 , 
100 , 50.0 , 67.0 , 56.6 , 
101 , 49.0 , 65.0 , 56.82 , 
102 , 48.0 , 65.0 , 56.44 , 
103 , 51.0 , 65.0 , 57.08 , 
104 , 49.0 , 64.0 , 57.16 , 
105 , 49.0 , 65.0 , 55.92 , 
106 , 47.0 , 66.0 , 56.42 , 
107 , 49.0 , 67.0 , 56.86 , 
108 , 48.0 , 64.0 , 55.92 , 
109 , 48.0 , 66.0 , 56.5 , 
110 , 48.0 , 67.0 , 55.88 , 
111 , 49.0 , 70.0 , 56.08 , 
112 , 49.0 , 66.0 , 56.3 , 
113 , 48.0 , 68.0 , 56.22 , 
114 , 49.0 , 64.0 , 55.3 , 
115 , 48.0 , 65.0 , 55.64 , 
116 , 48.0 , 65.0 , 56.2 , 
117 , 48.0 , 66.0 , 55.72 , 
118 , 47.0 , 63.0 , 56.14 , 
119 , 48.0 , 68.0 , 56.1 , 
120 , 48.0 , 67.0 , 56.4 , 
121 , 49.0 , 65.0 , 55.56 , 
122 , 48.0 , 64.0 , 55.14 , 
123 , 48.0 , 66.0 , 55.6 , 
124 , 47.0 , 65.0 , 54.46 , 
125 , 49.0 , 65.0 , 55.6 , 
126 , 47.0 , 66.0 , 55.54 , 
127 , 49.0 , 63.0 , 55.76 , 
128 , 47.0 , 67.0 , 55.76 , 
129 , 47.0 , 67.0 , 55.52 , 
130 , 48.0 , 64.0 , 55.24 , 
131 , 48.0 , 64.0 , 55.18 , 
132 , 48.0 , 66.0 , 54.1 , 
133 , 47.0 , 63.0 , 55.28 , 
134 , 47.0 , 61.0 , 54.2 , 
135 , 47.0 , 68.0 , 55.66 , 
136 , 49.0 , 63.0 , 54.68 , 
137 , 48.0 , 62.0 , 54.42 , 
138 , 48.0 , 63.0 , 55.02 , 
139 , 47.0 , 62.0 , 54.26 , 
140 , 47.0 , 64.0 , 54.98 , 
141 , 49.0 , 68.0 , 55.18 , 
142 , 47.0 , 63.0 , 55.28 , 
143 , 48.0 , 66.0 , 54.42 , 
144 , 47.0 , 63.0 , 54.34 , 
145 , 49.0 , 67.0 , 55.06 , 
146 , 48.0 , 64.0 , 54.4 , 
147 , 47.0 , 65.0 , 54.58 , 
148 , 47.0 , 65.0 , 53.96 , 
149 , 48.0 , 65.0 , 54.92 , 
150 , 47.0 , 63.0 , 54.32 , 
151 , 47.0 , 64.0 , 53.56 , 
152 , 47.0 , 61.0 , 52.98 , 
153 , 48.0 , 61.0 , 53.52 , 
154 , 48.0 , 61.0 , 53.76 , 
155 , 48.0 , 63.0 , 53.72 , 
156 , 47.0 , 64.0 , 54.32 , 
157 , 47.0 , 61.0 , 53.92 , 
158 , 48.0 , 64.0 , 54.44 , 
159 , 50.0 , 62.0 , 54.42 , 
160 , 47.0 , 64.0 , 53.78 , 
161 , 47.0 , 64.0 , 54.0 , 
162 , 47.0 , 62.0 , 53.34 , 
163 , 47.0 , 67.0 , 54.24 , 
164 , 47.0 , 64.0 , 54.74 , 
165 , 49.0 , 67.0 , 54.96 , 
166 , 49.0 , 63.0 , 54.22 , 
167 , 48.0 , 63.0 , 54.02 , 
168 , 47.0 , 65.0 , 53.68 , 
169 , 47.0 , 65.0 , 53.94 , 
170 , 47.0 , 64.0 , 53.8 , 
171 , 47.0 , 62.0 , 53.48 , 
172 , 47.0 , 61.0 , 53.2 , 
173 , 47.0 , 60.0 , 53.54 , 
174 , 48.0 , 59.0 , 53.22 , 
175 , 47.0 , 63.0 , 53.38 , 
176 , 47.0 , 60.0 , 53.52 , 
177 , 48.0 , 63.0 , 53.58 , 
178 , 48.0 , 62.0 , 53.68 , 
179 , 47.0 , 65.0 , 53.06 , 
180 , 47.0 , 64.0 , 52.46 , 
181 , 47.0 , 61.0 , 52.28 , 
182 , 48.0 , 61.0 , 52.7 , 
183 , 48.0 , 63.0 , 53.88 , 
184 , 47.0 , 60.0 , 52.9 , 
185 , 48.0 , 68.0 , 52.86 , 
186 , 47.0 , 60.0 , 52.08 , 
187 , 47.0 , 63.0 , 52.9 , 
188 , 48.0 , 60.0 , 52.7 , 
189 , 47.0 , 61.0 , 52.2 , 
190 , 47.0 , 59.0 , 52.8 , 
191 , 47.0 , 60.0 , 52.26 , 
192 , 47.0 , 63.0 , 53.26 , 
193 , 47.0 , 60.0 , 52.1 , 
194 , 48.0 , 60.0 , 53.24 , 
195 , 47.0 , 60.0 , 52.28 , 
196 , 47.0 , 62.0 , 51.78 , 
197 , 47.0 , 62.0 , 52.4 , 
198 , 47.0 , 64.0 , 52.58 , 
199 , 48.0 , 62.0 , 52.24 , 
200 , 47.0 , 60.0 , 52.38 , 
201 , 47.0 , 58.0 , 52.3 , 
202 , 47.0 , 59.0 , 52.14 , 
203 , 47.0 , 61.0 , 52.26 , 
204 , 47.0 , 65.0 , 52.7 , 
205 , 47.0 , 59.0 , 51.98 , 
206 , 47.0 , 68.0 , 52.58 , 
207 , 47.0 , 59.0 , 52.78 , 
208 , 47.0 , 60.0 , 52.32 , 
209 , 47.0 , 60.0 , 51.96 , 
210 , 47.0 , 60.0 , 53.0 , 
211 , 47.0 , 63.0 , 51.72 , 
212 , 47.0 , 61.0 , 52.22 , 
213 , 47.0 , 62.0 , 52.5 , 
214 , 47.0 , 66.0 , 52.56 , 
215 , 47.0 , 60.0 , 52.26 , 
216 , 47.0 , 62.0 , 51.82 , 
217 , 47.0 , 61.0 , 51.62 , 
218 , 47.0 , 60.0 , 52.14 , 
219 , 47.0 , 59.0 , 52.36 , 
220 , 47.0 , 66.0 , 52.18 , 
221 , 47.0 , 60.0 , 52.14 , 
222 , 47.0 , 62.0 , 52.26 , 
223 , 47.0 , 62.0 , 51.2 , 
224 , 47.0 , 63.0 , 52.32 , 
225 , 47.0 , 62.0 , 51.96 , 
226 , 47.0 , 59.0 , 51.66 , 
227 , 47.0 , 60.0 , 51.62 , 
228 , 47.0 , 60.0 , 51.32 , 
229 , 47.0 , 60.0 , 52.24 , 
230 , 47.0 , 61.0 , 52.6 , 
231 , 47.0 , 62.0 , 52.64 , 
232 , 47.0 , 60.0 , 52.3 , 
233 , 47.0 , 60.0 , 52.1 , 
234 , 47.0 , 59.0 , 51.84 , 
235 , 47.0 , 58.0 , 51.52 , 
236 , 47.0 , 60.0 , 51.52 , 
237 , 47.0 , 63.0 , 51.86 , 
238 , 48.0 , 58.0 , 51.82 , 
239 , 47.0 , 63.0 , 52.18 , 
240 , 47.0 , 65.0 , 51.82 , 
241 , 47.0 , 62.0 , 51.4 , 
242 , 47.0 , 58.0 , 51.54 , 
243 , 47.0 , 63.0 , 51.52 , 
244 , 47.0 , 65.0 , 51.16 , 
245 , 47.0 , 59.0 , 51.96 , 
246 , 47.0 , 59.0 , 51.22 , 
247 , 47.0 , 58.0 , 51.48 , 
248 , 47.0 , 58.0 , 51.26 , 
249 , 47.0 , 58.0 , 50.88 , 
250 , 47.0 , 60.0 , 51.72 , 
251 , 47.0 , 60.0 , 51.56 , 
252 , 47.0 , 58.0 , 51.06 , 
253 , 47.0 , 59.0 , 51.88 , 
254 , 47.0 , 58.0 , 51.12 , 
255 , 47.0 , 59.0 , 52.34 , 
256 , 47.0 , 60.0 , 52.08 , 
257 , 47.0 , 58.0 , 51.54 , 
258 , 47.0 , 57.0 , 51.14 , 
259 , 47.0 , 58.0 , 51.28 , 
260 , 47.0 , 64.0 , 52.38 , 
261 , 47.0 , 60.0 , 51.44 , 
262 , 47.0 , 59.0 , 51.12 , 
263 , 47.0 , 61.0 , 51.46 , 
264 , 47.0 , 58.0 , 51.84 , 
265 , 47.0 , 62.0 , 51.62 , 
266 , 47.0 , 58.0 , 50.88 , 
267 , 47.0 , 58.0 , 51.02 , 
268 , 47.0 , 66.0 , 50.5 , 
269 , 47.0 , 58.0 , 51.44 , 
270 , 47.0 , 61.0 , 51.1 , 
271 , 47.0 , 64.0 , 51.24 , 
272 , 47.0 , 61.0 , 51.18 , 
273 , 47.0 , 61.0 , 51.48 , 
274 , 47.0 , 59.0 , 51.84 , 
275 , 47.0 , 59.0 , 50.98 , 
276 , 47.0 , 59.0 , 51.82 , 
277 , 47.0 , 61.0 , 52.36 , 
278 , 47.0 , 59.0 , 51.06 , 
279 , 47.0 , 55.0 , 50.04 , 
280 , 47.0 , 61.0 , 51.56 , 
281 , 47.0 , 62.0 , 51.22 , 
282 , 47.0 , 67.0 , 51.7 , 
283 , 47.0 , 58.0 , 50.76 , 
284 , 47.0 , 60.0 , 52.5 , 
285 , 47.0 , 58.0 , 51.38 , 
286 , 47.0 , 58.0 , 50.64 , 
287 , 47.0 , 58.0 , 51.0 , 
288 , 47.0 , 59.0 , 50.86 , 
289 , 47.0 , 59.0 , 51.02 , 
290 , 47.0 , 58.0 , 51.52 , 
291 , 47.0 , 57.0 , 50.84 , 
292 , 47.0 , 57.0 , 50.26 , 
293 , 47.0 , 59.0 , 51.1 , 
294 , 47.0 , 59.0 , 50.84 , 
295 , 47.0 , 56.0 , 50.64 , 
296 , 47.0 , 61.0 , 50.92 , 
297 , 47.0 , 61.0 , 50.92 , 
298 , 47.0 , 55.0 , 50.2 , 
299 , 47.0 , 57.0 , 50.42 , 
300 , 47.0 , 56.0 , 50.1 , 
301 , 47.0 , 55.0 , 50.82 , 
302 , 47.0 , 58.0 , 50.88 , 
303 , 47.0 , 61.0 , 51.34 , 
304 , 47.0 , 59.0 , 50.3 , 
305 , 47.0 , 60.0 , 50.92 , 
306 , 47.0 , 59.0 , 51.24 , 
307 , 47.0 , 62.0 , 50.64 , 
308 , 47.0 , 58.0 , 51.06 , 
309 , 47.0 , 61.0 , 50.94 , 
310 , 47.0 , 58.0 , 51.18 , 
311 , 47.0 , 60.0 , 50.54 , 
312 , 47.0 , 57.0 , 50.34 , 
313 , 47.0 , 61.0 , 50.98 , 
314 , 47.0 , 61.0 , 50.84 , 
315 , 47.0 , 59.0 , 50.54 , 
316 , 47.0 , 59.0 , 50.42 , 
317 , 47.0 , 61.0 , 50.6 , 
318 , 47.0 , 60.0 , 50.36 , 
319 , 47.0 , 60.0 , 50.02 , 
320 , 47.0 , 60.0 , 50.6 , 
321 , 47.0 , 57.0 , 49.8 , 
322 , 47.0 , 60.0 , 50.04 , 
323 , 47.0 , 59.0 , 49.84 , 
324 , 47.0 , 56.0 , 49.26 , 
325 , 47.0 , 64.0 , 50.56 , 
326 , 47.0 , 56.0 , 50.16 , 
327 , 47.0 , 58.0 , 50.54 , 
328 , 47.0 , 59.0 , 50.34 , 
329 , 47.0 , 58.0 , 50.2 , 
330 , 47.0 , 59.0 , 50.94 , 
331 , 47.0 , 53.0 , 49.56 , 
332 , 47.0 , 59.0 , 49.4 , 
333 , 47.0 , 65.0 , 50.84 , 
334 , 47.0 , 60.0 , 50.68 , 
335 , 47.0 , 56.0 , 49.84 , 
336 , 47.0 , 58.0 , 49.78 , 
337 , 47.0 , 57.0 , 50.24 , 
338 , 47.0 , 55.0 , 49.84 , 
339 , 47.0 , 59.0 , 50.22 , 
340 , 47.0 , 70.0 , 50.22 , 
341 , 47.0 , 65.0 , 50.26 , 
342 , 47.0 , 57.0 , 50.34 , 
343 , 47.0 , 58.0 , 50.58 , 
344 , 47.0 , 57.0 , 50.2 , 
345 , 47.0 , 57.0 , 50.66 , 
346 , 47.0 , 58.0 , 49.88 , 
347 , 47.0 , 57.0 , 49.7 , 
348 , 47.0 , 56.0 , 49.74 , 
349 , 47.0 , 58.0 , 50.82 , 
350 , 47.0 , 59.0 , 50.6 , 
351 , 47.0 , 56.0 , 49.88 , 
352 , 47.0 , 55.0 , 49.84 , 
353 , 47.0 , 57.0 , 50.08 , 
354 , 47.0 , 63.0 , 50.52 , 
355 , 47.0 , 57.0 , 49.92 , 
356 , 47.0 , 57.0 , 49.68 , 
357 , 47.0 , 56.0 , 49.3 , 
358 , 47.0 , 56.0 , 49.54 , 
359 , 47.0 , 56.0 , 49.96 , 
360 , 47.0 , 55.0 , 49.66 , 
361 , 47.0 , 63.0 , 49.6 , 
362 , 47.0 , 61.0 , 49.82 , 
363 , 47.0 , 57.0 , 50.0 , 
364 , 47.0 , 56.0 , 49.48 , 
365 , 47.0 , 55.0 , 49.2 , 
366 , 47.0 , 54.0 , 49.48 , 
367 , 47.0 , 58.0 , 50.28 , 
368 , 47.0 , 55.0 , 49.8 , 
369 , 47.0 , 63.0 , 49.92 , 
370 , 47.0 , 57.0 , 50.02 , 
371 , 47.0 , 55.0 , 49.28 , 
372 , 47.0 , 57.0 , 49.9 , 
373 , 47.0 , 58.0 , 49.18 , 
374 , 47.0 , 61.0 , 49.28 , 
375 , 47.0 , 54.0 , 49.28 , 
376 , 47.0 , 55.0 , 49.24 , 
377 , 47.0 , 56.0 , 49.24 , 
378 , 47.0 , 56.0 , 49.44 , 
379 , 47.0 , 56.0 , 48.86 , 
380 , 47.0 , 59.0 , 49.2 , 
381 , 47.0 , 59.0 , 49.18 , 
382 , 47.0 , 58.0 , 50.1 , 
383 , 47.0 , 57.0 , 49.54 , 
384 , 47.0 , 56.0 , 49.38 , 
385 , 47.0 , 59.0 , 49.68 , 
386 , 47.0 , 56.0 , 49.54 , 
387 , 47.0 , 57.0 , 49.0 , 
388 , 47.0 , 55.0 , 49.58 , 
389 , 47.0 , 54.0 , 48.9 , 
390 , 47.0 , 57.0 , 49.58 , 
391 , 47.0 , 58.0 , 49.6 , 
392 , 47.0 , 59.0 , 50.08 , 
393 , 47.0 , 57.0 , 50.02 , 
394 , 47.0 , 57.0 , 49.52 , 
395 , 47.0 , 55.0 , 48.86 , 
396 , 47.0 , 58.0 , 48.62 , 
397 , 47.0 , 54.0 , 49.54 , 
398 , 47.0 , 54.0 , 49.4 , 
399 , 47.0 , 54.0 , 48.88 , 
400 , 47.0 , 58.0 , 49.16 , 
401 , 47.0 , 56.0 , 49.28 , 
402 , 47.0 , 56.0 , 49.62 , 
403 , 47.0 , 55.0 , 49.94 , 
404 , 47.0 , 59.0 , 49.76 , 
405 , 47.0 , 58.0 , 49.7 , 
406 , 47.0 , 56.0 , 49.56 , 
407 , 47.0 , 57.0 , 49.7 , 
408 , 47.0 , 55.0 , 49.42 , 
409 , 47.0 , 63.0 , 49.56 , 
410 , 47.0 , 56.0 , 49.5 , 
411 , 47.0 , 52.0 , 48.58 , 
412 , 47.0 , 56.0 , 49.68 , 
413 , 47.0 , 57.0 , 49.98 , 
414 , 47.0 , 57.0 , 49.24 , 
415 , 47.0 , 55.0 , 48.76 , 
416 , 47.0 , 58.0 , 49.72 , 
417 , 47.0 , 56.0 , 49.02 , 
418 , 47.0 , 56.0 , 48.86 , 
419 , 47.0 , 58.0 , 48.74 , 
420 , 47.0 , 56.0 , 49.44 , 
421 , 47.0 , 59.0 , 49.12 , 
422 , 47.0 , 52.0 , 48.94 , 
423 , 47.0 , 57.0 , 49.0 , 
424 , 47.0 , 58.0 , 48.92 , 
425 , 47.0 , 57.0 , 49.14 , 
426 , 47.0 , 57.0 , 49.22 , 
427 , 47.0 , 59.0 , 49.7 , 
428 , 47.0 , 56.0 , 48.88 , 
429 , 47.0 , 55.0 , 49.24 , 
430 , 47.0 , 57.0 , 49.3 , 
431 , 47.0 , 60.0 , 49.12 , 
432 , 47.0 , 62.0 , 49.2 , 
433 , 47.0 , 55.0 , 49.3 , 
434 , 47.0 , 59.0 , 49.24 , 
435 , 47.0 , 55.0 , 49.02 , 
436 , 47.0 , 56.0 , 49.22 , 
437 , 47.0 , 60.0 , 49.44 , 
438 , 47.0 , 58.0 , 49.28 , 
439 , 47.0 , 53.0 , 48.56 , 
440 , 47.0 , 56.0 , 48.54 , 
441 , 47.0 , 58.0 , 48.98 , 
442 , 47.0 , 57.0 , 49.04 , 
443 , 47.0 , 54.0 , 49.1 , 
444 , 47.0 , 58.0 , 49.24 , 
445 , 47.0 , 55.0 , 49.34 , 
446 , 47.0 , 55.0 , 48.88 , 
447 , 47.0 , 56.0 , 48.92 , 
448 , 47.0 , 54.0 , 48.4 , 
449 , 47.0 , 59.0 , 48.9 , 
450 , 47.0 , 59.0 , 49.52 , 
451 , 47.0 , 59.0 , 49.48 , 
452 , 47.0 , 55.0 , 48.52 , 
453 , 47.0 , 55.0 , 49.18 , 
454 , 47.0 , 65.0 , 49.28 , 
455 , 47.0 , 55.0 , 48.32 , 
456 , 47.0 , 54.0 , 49.12 , 
457 , 47.0 , 57.0 , 48.8 , 
458 , 47.0 , 56.0 , 48.74 , 
459 , 47.0 , 55.0 , 48.6 , 
460 , 47.0 , 52.0 , 48.36 , 
461 , 47.0 , 57.0 , 48.52 , 
462 , 47.0 , 56.0 , 49.02 , 
463 , 47.0 , 56.0 , 48.78 , 
464 , 47.0 , 56.0 , 48.84 , 
465 , 47.0 , 57.0 , 49.1 , 
466 , 47.0 , 55.0 , 48.78 , 
467 , 47.0 , 54.0 , 48.64 , 
468 , 47.0 , 55.0 , 48.7 , 
469 , 47.0 , 55.0 , 48.86 , 
470 , 47.0 , 55.0 , 49.04 , 
471 , 47.0 , 55.0 , 48.46 , 
472 , 47.0 , 57.0 , 48.22 , 
473 , 47.0 , 55.0 , 49.0 , 
474 , 47.0 , 55.0 , 48.64 , 
475 , 47.0 , 60.0 , 49.26 , 
476 , 47.0 , 57.0 , 48.84 , 
477 , 47.0 , 60.0 , 48.68 , 
478 , 47.0 , 56.0 , 49.54 , 
479 , 47.0 , 57.0 , 48.3 , 
480 , 47.0 , 55.0 , 49.48 , 
481 , 47.0 , 57.0 , 48.28 , 
482 , 47.0 , 54.0 , 48.7 , 
483 , 47.0 , 55.0 , 48.82 , 
484 , 47.0 , 57.0 , 48.64 , 
485 , 47.0 , 52.0 , 48.44 , 
486 , 47.0 , 53.0 , 48.26 , 
487 , 47.0 , 56.0 , 48.72 , 
488 , 47.0 , 58.0 , 49.1 , 
489 , 47.0 , 57.0 , 48.9 , 
490 , 47.0 , 54.0 , 48.34 , 
491 , 47.0 , 55.0 , 48.72 , 
492 , 47.0 , 56.0 , 48.52 , 
493 , 47.0 , 54.0 , 48.76 , 
494 , 47.0 , 55.0 , 48.8 , 
495 , 47.0 , 55.0 , 48.52 , 
496 , 47.0 , 58.0 , 49.44 , 
497 , 47.0 , 56.0 , 48.76 , 
498 , 47.0 , 58.0 , 48.62 , 
499 , 47.0 , 55.0 , 48.66 , 
500 , 47.0 , 57.0 , 48.84 , 
501 , 47.0 , 63.0 , 48.74 , 
502 , 47.0 , 54.0 , 48.64 , 
503 , 47.0 , 56.0 , 48.72 , 
504 , 47.0 , 65.0 , 49.22 , 
505 , 47.0 , 58.0 , 48.6 , 
506 , 47.0 , 58.0 , 48.88 , 
507 , 47.0 , 56.0 , 48.54 , 
508 , 47.0 , 56.0 , 48.94 , 
509 , 47.0 , 54.0 , 48.32 , 
510 , 47.0 , 56.0 , 48.8 , 
511 , 47.0 , 54.0 , 48.28 , 
512 , 47.0 , 53.0 , 48.38 , 
513 , 47.0 , 55.0 , 48.74 , 
514 , 47.0 , 57.0 , 48.68 , 
515 , 47.0 , 56.0 , 48.2 , 
516 , 47.0 , 54.0 , 48.84 , 
517 , 47.0 , 55.0 , 49.12 , 
518 , 47.0 , 55.0 , 48.6 , 
519 , 47.0 , 57.0 , 48.86 , 
520 , 47.0 , 56.0 , 48.44 , 
521 , 47.0 , 58.0 , 48.44 , 
522 , 47.0 , 56.0 , 49.12 , 
523 , 47.0 , 55.0 , 48.94 , 
524 , 47.0 , 55.0 , 48.84 , 
525 , 47.0 , 57.0 , 48.84 , 
526 , 47.0 , 56.0 , 48.6 , 
527 , 47.0 , 55.0 , 48.48 , 
528 , 47.0 , 56.0 , 48.26 , 
529 , 47.0 , 57.0 , 49.0 , 
530 , 47.0 , 56.0 , 49.04 , 
531 , 47.0 , 54.0 , 48.64 , 
532 , 47.0 , 56.0 , 48.88 , 
533 , 47.0 , 55.0 , 48.78 , 
534 , 47.0 , 55.0 , 48.16 , 
535 , 47.0 , 60.0 , 49.08 , 
536 , 47.0 , 54.0 , 48.08 , 
537 , 47.0 , 58.0 , 48.88 , 
538 , 47.0 , 53.0 , 48.04 , 
539 , 47.0 , 55.0 , 48.64 , 
540 , 47.0 , 53.0 , 48.06 , 
541 , 47.0 , 55.0 , 48.72 , 
542 , 47.0 , 54.0 , 48.54 , 
543 , 47.0 , 56.0 , 48.96 , 
544 , 47.0 , 56.0 , 48.62 , 
545 , 47.0 , 54.0 , 48.36 , 
546 , 47.0 , 55.0 , 48.34 , 
547 , 47.0 , 55.0 , 48.72 , 
548 , 47.0 , 54.0 , 48.4 , 
549 , 47.0 , 54.0 , 48.14 , 
550 , 47.0 , 56.0 , 48.48 , 
551 , 47.0 , 52.0 , 48.36 , 
552 , 47.0 , 55.0 , 48.42 , 
553 , 47.0 , 54.0 , 48.48 , 
554 , 47.0 , 54.0 , 48.56 , 
555 , 47.0 , 54.0 , 48.44 , 
556 , 47.0 , 56.0 , 48.86 , 
557 , 47.0 , 53.0 , 48.48 , 
558 , 47.0 , 55.0 , 48.72 , 
559 , 47.0 , 54.0 , 48.5 , 
560 , 47.0 , 56.0 , 48.82 , 
561 , 47.0 , 61.0 , 49.18 , 
562 , 47.0 , 56.0 , 48.5 , 
563 , 47.0 , 59.0 , 48.66 , 
564 , 47.0 , 53.0 , 48.6 , 
565 , 47.0 , 53.0 , 47.96 , 
566 , 47.0 , 59.0 , 48.32 , 
567 , 47.0 , 56.0 , 48.86 , 
568 , 47.0 , 58.0 , 48.34 , 
569 , 47.0 , 58.0 , 48.22 , 
570 , 47.0 , 56.0 , 48.54 , 
571 , 47.0 , 56.0 , 48.98 , 
572 , 47.0 , 55.0 , 47.98 , 
573 , 47.0 , 53.0 , 48.92 , 
574 , 47.0 , 55.0 , 48.84 , 
575 , 47.0 , 56.0 , 48.88 , 
576 , 47.0 , 55.0 , 48.98 , 
577 , 47.0 , 56.0 , 49.06 , 
578 , 47.0 , 56.0 , 48.38 , 
579 , 47.0 , 54.0 , 49.04 , 
580 , 47.0 , 55.0 , 48.58 , 
581 , 47.0 , 57.0 , 48.54 , 
582 , 47.0 , 53.0 , 48.24 , 
583 , 47.0 , 60.0 , 49.2 , 
584 , 47.0 , 59.0 , 48.48 , 
585 , 47.0 , 59.0 , 48.34 , 
586 , 47.0 , 55.0 , 48.62 , 
587 , 47.0 , 55.0 , 48.3 , 
588 , 47.0 , 58.0 , 48.68 , 
589 , 47.0 , 55.0 , 48.74 , 
590 , 47.0 , 55.0 , 48.44 , 
591 , 47.0 , 54.0 , 48.28 , 
592 , 47.0 , 58.0 , 48.2 , 
593 , 47.0 , 54.0 , 48.74 , 
594 , 47.0 , 53.0 , 48.18 , 
595 , 47.0 , 55.0 , 48.62 , 
596 , 47.0 , 52.0 , 48.26 , 
597 , 47.0 , 56.0 , 48.8 , 
598 , 47.0 , 57.0 , 48.72 , 
599 , 47.0 , 54.0 , 48.6 , 
600 , 47.0 , 54.0 , 48.36 , 
601 , 47.0 , 55.0 , 48.72 , 
602 , 47.0 , 56.0 , 48.7 , 
603 , 47.0 , 61.0 , 48.74 , 
604 , 47.0 , 57.0 , 49.0 , 
605 , 47.0 , 55.0 , 48.42 , 
606 , 47.0 , 56.0 , 48.36 , 
607 , 47.0 , 55.0 , 48.28 , 
608 , 47.0 , 56.0 , 48.68 , 
609 , 47.0 , 57.0 , 48.44 , 
610 , 47.0 , 56.0 , 48.24 , 
611 , 47.0 , 56.0 , 48.42 , 
612 , 47.0 , 56.0 , 48.24 , 
613 , 47.0 , 57.0 , 48.74 , 
614 , 47.0 , 55.0 , 48.64 , 
615 , 47.0 , 53.0 , 48.26 , 
616 , 47.0 , 55.0 , 48.38 , 
617 , 47.0 , 57.0 , 48.86 , 
618 , 47.0 , 53.0 , 48.1 , 
619 , 47.0 , 60.0 , 48.7 , 
620 , 47.0 , 55.0 , 48.56 , 
621 , 47.0 , 54.0 , 48.7 , 
622 , 47.0 , 58.0 , 48.58 , 
623 , 47.0 , 56.0 , 48.64 , 
624 , 47.0 , 58.0 , 49.18 , 
625 , 47.0 , 52.0 , 48.0 , 
626 , 47.0 , 55.0 , 48.82 , 
627 , 47.0 , 57.0 , 48.98 , 
628 , 47.0 , 55.0 , 48.18 , 
629 , 47.0 , 56.0 , 48.82 , 
630 , 47.0 , 54.0 , 48.3 , 
631 , 47.0 , 55.0 , 48.56 , 
632 , 47.0 , 57.0 , 48.5 , 
633 , 47.0 , 57.0 , 48.22 , 
634 , 47.0 , 55.0 , 48.78 , 
635 , 47.0 , 53.0 , 48.24 , 
636 , 47.0 , 55.0 , 48.58 , 
637 , 47.0 , 54.0 , 48.48 , 
638 , 47.0 , 56.0 , 48.38 , 
639 , 47.0 , 56.0 , 48.32 , 
640 , 47.0 , 55.0 , 48.24 , 
641 , 47.0 , 54.0 , 48.54 , 
642 , 47.0 , 56.0 , 48.6 , 
643 , 47.0 , 57.0 , 49.14 , 
644 , 47.0 , 55.0 , 48.44 , 
645 , 47.0 , 56.0 , 48.48 , 
646 , 47.0 , 54.0 , 48.24 , 
647 , 47.0 , 55.0 , 48.44 , 
648 , 47.0 , 54.0 , 48.3 , 
649 , 47.0 , 56.0 , 49.0 , 
650 , 47.0 , 60.0 , 48.8 , 
651 , 47.0 , 55.0 , 48.46 , 
652 , 47.0 , 57.0 , 48.34 , 
653 , 47.0 , 59.0 , 48.36 , 
654 , 47.0 , 57.0 , 48.68 , 
655 , 47.0 , 54.0 , 48.44 , 
656 , 47.0 , 53.0 , 48.18 , 
657 , 47.0 , 53.0 , 48.1 , 
658 , 47.0 , 52.0 , 47.94 , 
659 , 47.0 , 57.0 , 48.64 , 
660 , 47.0 , 57.0 , 48.78 , 
661 , 47.0 , 56.0 , 49.04 , 
662 , 47.0 , 60.0 , 48.9 , 
663 , 47.0 , 53.0 , 48.2 , 
664 , 47.0 , 58.0 , 48.36 , 
665 , 47.0 , 56.0 , 48.16 , 
666 , 47.0 , 54.0 , 48.38 , 
667 , 47.0 , 53.0 , 48.5 , 
668 , 47.0 , 55.0 , 48.04 , 
669 , 47.0 , 53.0 , 48.38 , 
670 , 47.0 , 55.0 , 48.64 , 
671 , 47.0 , 61.0 , 49.18 , 
672 , 47.0 , 56.0 , 48.5 , 
673 , 47.0 , 62.0 , 48.3 , 
674 , 47.0 , 55.0 , 48.06 , 
675 , 47.0 , 56.0 , 48.34 , 
676 , 47.0 , 53.0 , 48.06 , 
677 , 47.0 , 54.0 , 48.44 , 
678 , 47.0 , 55.0 , 48.34 , 
679 , 47.0 , 58.0 , 48.84 , 
680 , 47.0 , 56.0 , 48.72 , 
681 , 47.0 , 60.0 , 48.54 , 
682 , 47.0 , 53.0 , 48.3 , 
683 , 47.0 , 53.0 , 48.0 , 
684 , 47.0 , 57.0 , 48.42 , 
685 , 47.0 , 54.0 , 48.4 , 
686 , 47.0 , 53.0 , 48.24 , 
687 , 47.0 , 53.0 , 48.26 , 
688 , 47.0 , 57.0 , 48.04 , 
689 , 47.0 , 53.0 , 48.08 , 
690 , 47.0 , 57.0 , 48.5 , 
691 , 47.0 , 54.0 , 48.68 , 
692 , 47.0 , 53.0 , 48.34 , 
693 , 47.0 , 54.0 , 47.9 , 
694 , 47.0 , 56.0 , 48.54 , 
695 , 47.0 , 56.0 , 48.4 , 
696 , 47.0 , 51.0 , 48.12 , 
697 , 47.0 , 55.0 , 48.76 , 
698 , 47.0 , 55.0 , 48.44 , 
699 , 47.0 , 55.0 , 48.38 , 
700 , 47.0 , 55.0 , 49.0 , 
701 , 47.0 , 56.0 , 48.88 , 
702 , 47.0 , 61.0 , 48.3 , 
703 , 47.0 , 54.0 , 48.18 , 
704 , 47.0 , 56.0 , 49.02 , 
705 , 47.0 , 55.0 , 48.12 , 
706 , 47.0 , 57.0 , 48.48 , 
707 , 47.0 , 55.0 , 48.22 , 
708 , 47.0 , 56.0 , 48.44 , 
709 , 47.0 , 55.0 , 48.34 , 
710 , 47.0 , 57.0 , 48.36 , 
711 , 47.0 , 53.0 , 48.46 , 
712 , 47.0 , 55.0 , 47.88 , 
713 , 47.0 , 56.0 , 48.5 , 
714 , 47.0 , 55.0 , 48.5 , 
715 , 47.0 , 62.0 , 48.36 , 
716 , 47.0 , 54.0 , 48.24 , 
717 , 47.0 , 57.0 , 47.9 , 
718 , 47.0 , 56.0 , 48.06 , 
719 , 47.0 , 52.0 , 48.04 , 
720 , 47.0 , 55.0 , 48.32 , 
721 , 47.0 , 52.0 , 48.06 , 
722 , 47.0 , 53.0 , 48.12 , 
723 , 47.0 , 55.0 , 47.84 , 
724 , 47.0 , 56.0 , 48.32 , 
725 , 47.0 , 54.0 , 48.6 , 
726 , 47.0 , 57.0 , 48.1 , 
727 , 47.0 , 57.0 , 48.38 , 
728 , 47.0 , 55.0 , 48.16 , 
729 , 47.0 , 56.0 , 48.5 , 
730 , 47.0 , 57.0 , 48.74 , 
731 , 47.0 , 55.0 , 48.26 , 
732 , 47.0 , 55.0 , 48.2 , 
733 , 47.0 , 55.0 , 48.42 , 
734 , 47.0 , 57.0 , 48.66 , 
735 , 47.0 , 57.0 , 48.04 , 
736 , 47.0 , 56.0 , 48.24 , 
737 , 47.0 , 60.0 , 48.66 , 
738 , 47.0 , 59.0 , 48.18 , 
739 , 47.0 , 54.0 , 48.08 , 
740 , 47.0 , 56.0 , 48.4 , 
741 , 47.0 , 53.0 , 48.16 , 
742 , 47.0 , 55.0 , 49.08 , 
743 , 47.0 , 57.0 , 48.42 , 
744 , 47.0 , 53.0 , 48.44 , 
745 , 47.0 , 55.0 , 48.42 , 
746 , 47.0 , 56.0 , 48.16 , 
747 , 47.0 , 56.0 , 48.52 , 
748 , 47.0 , 55.0 , 48.38 , 
749 , 47.0 , 53.0 , 47.76 , 
750 , 47.0 , 51.0 , 48.06 , 
751 , 47.0 , 60.0 , 48.4 , 
752 , 47.0 , 53.0 , 48.14 , 
753 , 47.0 , 55.0 , 48.12 , 
754 , 47.0 , 58.0 , 48.94 , 
755 , 47.0 , 53.0 , 48.4 , 
756 , 47.0 , 51.0 , 47.84 , 
757 , 47.0 , 52.0 , 47.78 , 
758 , 47.0 , 53.0 , 47.94 , 
759 , 47.0 , 55.0 , 48.72 , 
760 , 47.0 , 56.0 , 48.28 , 
761 , 47.0 , 56.0 , 48.38 , 
762 , 47.0 , 56.0 , 48.22 , 
763 , 47.0 , 55.0 , 48.08 , 
764 , 47.0 , 54.0 , 48.1 , 
765 , 47.0 , 54.0 , 47.92 , 
766 , 47.0 , 53.0 , 47.9 , 
767 , 47.0 , 52.0 , 48.18 , 
768 , 47.0 , 52.0 , 48.12 , 
769 , 47.0 , 52.0 , 48.02 , 
770 , 47.0 , 54.0 , 48.0 , 
771 , 47.0 , 55.0 , 48.18 , 
772 , 47.0 , 57.0 , 47.98 , 
773 , 47.0 , 54.0 , 48.4 , 
774 , 47.0 , 52.0 , 47.86 , 
775 , 47.0 , 61.0 , 48.74 , 
776 , 47.0 , 52.0 , 47.78 , 
777 , 47.0 , 56.0 , 48.12 , 
778 , 47.0 , 52.0 , 47.92 , 
779 , 47.0 , 53.0 , 48.04 , 
780 , 47.0 , 54.0 , 48.54 , 
781 , 47.0 , 54.0 , 48.04 , 
782 , 47.0 , 54.0 , 47.86 , 
783 , 47.0 , 57.0 , 48.6 , 
784 , 47.0 , 54.0 , 48.52 , 
785 , 47.0 , 54.0 , 48.24 , 
786 , 47.0 , 54.0 , 48.16 , 
787 , 47.0 , 52.0 , 48.02 , 
788 , 47.0 , 53.0 , 48.02 , 
789 , 47.0 , 56.0 , 48.22 , 
790 , 47.0 , 54.0 , 48.12 , 
791 , 47.0 , 53.0 , 48.2 , 
792 , 47.0 , 55.0 , 48.42 , 
793 , 47.0 , 52.0 , 47.9 , 
794 , 47.0 , 53.0 , 48.04 , 
795 , 47.0 , 54.0 , 48.18 , 
796 , 47.0 , 52.0 , 47.92 , 
797 , 47.0 , 54.0 , 48.06 , 
798 , 47.0 , 52.0 , 47.88 , 
799 , 47.0 , 53.0 , 47.86 , 
800 , 47.0 , 56.0 , 48.12 , 
801 , 47.0 , 55.0 , 48.08 , 
802 , 47.0 , 56.0 , 48.04 , 
803 , 47.0 , 53.0 , 48.22 , 
804 , 47.0 , 55.0 , 48.18 , 
805 , 47.0 , 54.0 , 47.62 , 
806 , 47.0 , 52.0 , 47.72 , 
807 , 47.0 , 55.0 , 47.98 , 
808 , 47.0 , 53.0 , 47.82 , 
809 , 47.0 , 52.0 , 48.06 , 
810 , 47.0 , 52.0 , 47.98 , 
811 , 47.0 , 54.0 , 48.18 , 
812 , 47.0 , 54.0 , 48.68 , 
813 , 47.0 , 52.0 , 47.68 , 
814 , 47.0 , 54.0 , 48.0 , 
815 , 47.0 , 52.0 , 47.96 , 
816 , 47.0 , 54.0 , 47.98 , 
817 , 47.0 , 56.0 , 48.06 , 
818 , 47.0 , 57.0 , 48.44 , 
819 , 47.0 , 58.0 , 48.02 , 
820 , 47.0 , 54.0 , 47.86 , 
821 , 47.0 , 53.0 , 48.14 , 
822 , 47.0 , 52.0 , 48.0 , 
823 , 47.0 , 51.0 , 47.76 , 
824 , 47.0 , 55.0 , 48.28 , 
825 , 47.0 , 51.0 , 47.6 , 
826 , 47.0 , 54.0 , 48.02 , 
827 , 47.0 , 52.0 , 47.7 , 
828 , 47.0 , 51.0 , 48.0 , 
829 , 47.0 , 52.0 , 48.14 , 
830 , 47.0 , 53.0 , 48.34 , 
831 , 47.0 , 53.0 , 48.22 , 
832 , 47.0 , 56.0 , 48.38 , 
833 , 47.0 , 55.0 , 47.76 , 
834 , 47.0 , 57.0 , 48.32 , 
835 , 47.0 , 56.0 , 48.44 , 
836 , 47.0 , 52.0 , 47.96 , 
837 , 47.0 , 59.0 , 47.98 , 
838 , 47.0 , 50.0 , 47.44 , 
839 , 47.0 , 55.0 , 48.18 , 
840 , 47.0 , 55.0 , 47.88 , 
841 , 47.0 , 54.0 , 47.92 , 
842 , 47.0 , 52.0 , 47.74 , 
843 , 47.0 , 56.0 , 48.1 , 
844 , 47.0 , 59.0 , 48.52 , 
845 , 47.0 , 59.0 , 48.22 , 
846 , 47.0 , 52.0 , 47.94 , 
847 , 47.0 , 53.0 , 47.74 , 
848 , 47.0 , 52.0 , 47.96 , 
849 , 47.0 , 55.0 , 47.92 , 
850 , 47.0 , 55.0 , 48.16 , 
851 , 47.0 , 54.0 , 48.08 , 
852 , 47.0 , 52.0 , 47.84 , 
853 , 47.0 , 53.0 , 47.96 , 
854 , 47.0 , 52.0 , 47.96 , 
855 , 47.0 , 52.0 , 47.84 , 
856 , 47.0 , 51.0 , 48.02 , 
857 , 47.0 , 52.0 , 48.18 , 
858 , 47.0 , 53.0 , 48.24 , 
859 , 47.0 , 58.0 , 48.06 , 
860 , 47.0 , 53.0 , 48.2 , 
861 , 47.0 , 52.0 , 47.82 , 
862 , 47.0 , 55.0 , 48.28 , 
863 , 47.0 , 53.0 , 47.7 , 
864 , 47.0 , 54.0 , 48.1 , 
865 , 47.0 , 52.0 , 47.84 , 
866 , 47.0 , 52.0 , 47.66 , 
867 , 47.0 , 53.0 , 47.94 , 
868 , 47.0 , 52.0 , 47.88 , 
869 , 47.0 , 55.0 , 48.14 , 
870 , 47.0 , 60.0 , 48.24 , 
871 , 47.0 , 55.0 , 48.0 , 
872 , 47.0 , 56.0 , 48.0 , 
873 , 47.0 , 51.0 , 47.5 , 
874 , 47.0 , 52.0 , 47.88 , 
875 , 47.0 , 51.0 , 47.68 , 
876 , 47.0 , 51.0 , 47.48 , 
877 , 47.0 , 53.0 , 48.2 , 
878 , 47.0 , 54.0 , 48.08 , 
879 , 47.0 , 53.0 , 47.88 , 
880 , 47.0 , 55.0 , 47.98 , 
881 , 47.0 , 52.0 , 47.7 , 
882 , 47.0 , 59.0 , 48.08 , 
883 , 47.0 , 52.0 , 47.84 , 
884 , 47.0 , 55.0 , 47.62 , 
885 , 47.0 , 54.0 , 48.04 , 
886 , 47.0 , 54.0 , 47.8 , 
887 , 47.0 , 52.0 , 47.68 , 
888 , 47.0 , 55.0 , 47.88 , 
889 , 47.0 , 51.0 , 47.94 , 
890 , 47.0 , 50.0 , 47.76 , 
891 , 47.0 , 53.0 , 47.7 , 
892 , 47.0 , 52.0 , 47.64 , 
893 , 47.0 , 52.0 , 48.3 , 
894 , 47.0 , 55.0 , 48.14 , 
895 , 47.0 , 55.0 , 48.38 , 
896 , 47.0 , 54.0 , 47.96 , 
897 , 47.0 , 57.0 , 48.24 , 
898 , 47.0 , 55.0 , 48.0 , 
899 , 47.0 , 52.0 , 47.58 , 
900 , 47.0 , 54.0 , 47.78 , 
901 , 47.0 , 54.0 , 47.68 , 
902 , 47.0 , 52.0 , 47.96 , 
903 , 47.0 , 52.0 , 47.76 , 
904 , 47.0 , 54.0 , 47.78 , 
905 , 47.0 , 56.0 , 47.92 , 
906 , 47.0 , 53.0 , 48.14 , 
907 , 47.0 , 51.0 , 47.62 , 
908 , 47.0 , 55.0 , 47.86 , 
909 , 47.0 , 53.0 , 48.0 , 
910 , 47.0 , 54.0 , 48.22 , 
911 , 47.0 , 54.0 , 47.92 , 
912 , 47.0 , 57.0 , 47.98 , 
913 , 47.0 , 53.0 , 47.5 , 
914 , 47.0 , 52.0 , 47.52 , 
915 , 47.0 , 53.0 , 48.02 , 
916 , 47.0 , 57.0 , 47.92 , 
917 , 47.0 , 53.0 , 48.02 , 
918 , 47.0 , 57.0 , 48.14 , 
919 , 47.0 , 54.0 , 47.78 , 
920 , 47.0 , 53.0 , 47.78 , 
921 , 47.0 , 56.0 , 48.3 , 
922 , 47.0 , 53.0 , 47.58 , 
923 , 47.0 , 51.0 , 47.4 , 
924 , 47.0 , 55.0 , 47.8 , 
925 , 47.0 , 53.0 , 47.52 , 
926 , 47.0 , 55.0 , 48.04 , 
927 , 47.0 , 52.0 , 47.78 , 
928 , 47.0 , 52.0 , 47.82 , 
929 , 47.0 , 54.0 , 47.6 , 
930 , 47.0 , 51.0 , 47.52 , 
931 , 47.0 , 52.0 , 47.36 , 
932 , 47.0 , 55.0 , 47.98 , 
933 , 47.0 , 52.0 , 47.66 , 
934 , 47.0 , 52.0 , 47.58 , 
935 , 47.0 , 50.0 , 47.48 , 
936 , 47.0 , 51.0 , 47.7 , 
937 , 47.0 , 51.0 , 47.68 , 
938 , 47.0 , 56.0 , 47.92 , 
939 , 47.0 , 53.0 , 47.84 , 
940 , 47.0 , 52.0 , 47.82 , 
941 , 47.0 , 54.0 , 47.88 , 
942 , 47.0 , 51.0 , 47.52 , 
943 , 47.0 , 53.0 , 47.82 , 
944 , 47.0 , 57.0 , 47.84 , 
945 , 47.0 , 50.0 , 47.5 , 
946 , 47.0 , 53.0 , 48.12 , 
947 , 47.0 , 55.0 , 48.24 , 
948 , 47.0 , 52.0 , 47.64 , 
949 , 47.0 , 51.0 , 47.42 , 
950 , 47.0 , 53.0 , 47.68 , 
951 , 47.0 , 54.0 , 47.82 , 
952 , 47.0 , 52.0 , 47.62 , 
953 , 47.0 , 52.0 , 47.66 , 
954 , 47.0 , 51.0 , 47.92 , 
955 , 47.0 , 54.0 , 47.82 , 
956 , 47.0 , 51.0 , 47.4 , 
957 , 47.0 , 52.0 , 47.52 , 
958 , 47.0 , 52.0 , 47.88 , 
959 , 47.0 , 52.0 , 47.3 , 
960 , 47.0 , 53.0 , 47.78 , 
961 , 47.0 , 56.0 , 48.06 , 
962 , 47.0 , 59.0 , 47.74 , 
963 , 47.0 , 54.0 , 47.76 , 
964 , 47.0 , 53.0 , 47.86 , 
965 , 47.0 , 57.0 , 47.62 , 
966 , 47.0 , 51.0 , 47.72 , 
967 , 47.0 , 55.0 , 47.48 , 
968 , 47.0 , 54.0 , 48.1 , 
969 , 47.0 , 54.0 , 47.46 , 
970 , 47.0 , 56.0 , 47.62 , 
971 , 47.0 , 57.0 , 47.6 , 
972 , 47.0 , 51.0 , 47.66 , 
973 , 47.0 , 53.0 , 47.96 , 
974 , 47.0 , 51.0 , 47.68 , 
975 , 47.0 , 51.0 , 47.38 , 
976 , 47.0 , 54.0 , 47.98 , 
977 , 47.0 , 53.0 , 47.78 , 
978 , 47.0 , 52.0 , 47.68 , 
979 , 47.0 , 53.0 , 47.92 , 
980 , 47.0 , 53.0 , 47.42 , 
981 , 47.0 , 52.0 , 47.82 , 
982 , 47.0 , 53.0 , 47.66 , 
983 , 47.0 , 53.0 , 47.5 , 
984 , 47.0 , 53.0 , 48.04 , 
985 , 47.0 , 52.0 , 47.84 , 
986 , 47.0 , 55.0 , 48.02 , 
987 , 47.0 , 53.0 , 47.36 , 
988 , 47.0 , 54.0 , 47.58 , 
989 , 47.0 , 52.0 , 47.86 , 
990 , 47.0 , 53.0 , 47.94 , 
991 , 47.0 , 57.0 , 47.76 , 
992 , 47.0 , 56.0 , 47.62 , 
993 , 47.0 , 54.0 , 48.04 , 
994 , 47.0 , 58.0 , 48.14 , 
995 , 47.0 , 53.0 , 47.52 , 
996 , 47.0 , 52.0 , 47.58 , 
997 , 47.0 , 50.0 , 47.34 , 
998 , 47.0 , 53.0 , 47.64 , 
999 , 47.0 , 49.0 , 47.24 , 
1000 , 47.0 , 54.0 , 47.9 , 
1001 , 47.0 , 54.0 , 47.34 , 
1002 , 47.0 , 53.0 , 47.72 , 
1003 , 47.0 , 53.0 , 47.5 , 
1004 , 47.0 , 54.0 , 47.56 , 
1005 , 47.0 , 52.0 , 47.64 , 
1006 , 47.0 , 52.0 , 47.52 , 
1007 , 47.0 , 55.0 , 47.9 , 
1008 , 47.0 , 56.0 , 47.88 , 
1009 , 47.0 , 55.0 , 47.92 , 
1010 , 47.0 , 53.0 , 47.8 , 
1011 , 47.0 , 54.0 , 47.7 , 
1012 , 47.0 , 53.0 , 47.9 , 
1013 , 47.0 , 53.0 , 47.68 , 
1014 , 47.0 , 51.0 , 47.72 , 
1015 , 47.0 , 54.0 , 47.44 , 
1016 , 47.0 , 53.0 , 47.64 , 
1017 , 47.0 , 54.0 , 47.68 , 
1018 , 47.0 , 52.0 , 47.44 , 
1019 , 47.0 , 52.0 , 47.9 , 
1020 , 47.0 , 52.0 , 47.7 , 
1021 , 47.0 , 54.0 , 47.58 , 
1022 , 47.0 , 51.0 , 47.6 , 
1023 , 47.0 , 52.0 , 47.74 , 
1024 , 47.0 , 50.0 , 47.54 , 
1025 , 47.0 , 52.0 , 47.62 , 
1026 , 47.0 , 55.0 , 47.8 , 
1027 , 47.0 , 56.0 , 47.84 , 
1028 , 47.0 , 54.0 , 47.48 , 
1029 , 47.0 , 52.0 , 47.56 , 
1030 , 47.0 , 50.0 , 47.46 , 
1031 , 47.0 , 52.0 , 47.48 , 
1032 , 47.0 , 55.0 , 47.66 , 
1033 , 47.0 , 59.0 , 47.9 , 
1034 , 47.0 , 52.0 , 47.74 , 
1035 , 47.0 , 51.0 , 47.64 , 
1036 , 47.0 , 52.0 , 47.46 , 
1037 , 47.0 , 54.0 , 47.88 , 
1038 , 47.0 , 54.0 , 47.46 , 
1039 , 47.0 , 52.0 , 47.58 , 
1040 , 47.0 , 52.0 , 47.48 , 
1041 , 47.0 , 53.0 , 47.7 , 
1042 , 47.0 , 54.0 , 47.76 , 
1043 , 47.0 , 52.0 , 47.5 , 
1044 , 47.0 , 54.0 , 47.96 , 
1045 , 47.0 , 52.0 , 47.68 , 
1046 , 47.0 , 50.0 , 47.5 , 
1047 , 47.0 , 52.0 , 47.7 , 
1048 , 47.0 , 52.0 , 47.5 , 
1049 , 47.0 , 52.0 , 47.72 , 
1050 , 47.0 , 51.0 , 47.6 , 
1051 , 47.0 , 52.0 , 47.96 , 
1052 , 47.0 , 52.0 , 47.26 , 
1053 , 47.0 , 61.0 , 47.58 , 
1054 , 47.0 , 51.0 , 47.42 , 
1055 , 47.0 , 57.0 , 47.76 , 
1056 , 47.0 , 53.0 , 47.54 , 
1057 , 47.0 , 54.0 , 47.76 , 
1058 , 47.0 , 52.0 , 47.62 , 
1059 , 47.0 , 54.0 , 47.98 , 
1060 , 47.0 , 53.0 , 47.82 , 
1061 , 47.0 , 54.0 , 47.84 , 
1062 , 47.0 , 52.0 , 47.62 , 
1063 , 47.0 , 53.0 , 47.74 , 
1064 , 47.0 , 51.0 , 47.34 , 
1065 , 47.0 , 51.0 , 47.6 , 
1066 , 47.0 , 52.0 , 47.82 , 
1067 , 47.0 , 53.0 , 47.48 , 
1068 , 47.0 , 49.0 , 47.06 , 
1069 , 47.0 , 51.0 , 47.44 , 
1070 , 47.0 , 54.0 , 47.84 , 
1071 , 47.0 , 54.0 , 47.76 , 
1072 , 47.0 , 54.0 , 47.7 , 
1073 , 47.0 , 52.0 , 47.58 , 
1074 , 47.0 , 52.0 , 47.62 , 
1075 , 47.0 , 53.0 , 47.72 , 
1076 , 47.0 , 52.0 , 47.62 , 
1077 , 47.0 , 51.0 , 47.32 , 
1078 , 47.0 , 52.0 , 47.4 , 
1079 , 47.0 , 53.0 , 47.46 , 
1080 , 47.0 , 52.0 , 47.56 , 
1081 , 47.0 , 54.0 , 47.64 , 
1082 , 47.0 , 51.0 , 47.52 , 
1083 , 47.0 , 50.0 , 47.3 , 
1084 , 47.0 , 53.0 , 47.76 , 
1085 , 47.0 , 54.0 , 47.8 , 
1086 , 47.0 , 52.0 , 47.52 , 
1087 , 47.0 , 53.0 , 47.9 , 
1088 , 47.0 , 53.0 , 47.74 , 
1089 , 47.0 , 52.0 , 47.74 , 
1090 , 47.0 , 52.0 , 47.5 , 
1091 , 47.0 , 51.0 , 47.52 , 
1092 , 47.0 , 57.0 , 47.78 , 
1093 , 47.0 , 51.0 , 47.6 , 
1094 , 47.0 , 53.0 , 47.64 , 
1095 , 47.0 , 52.0 , 47.7 , 
1096 , 47.0 , 54.0 , 47.78 , 
1097 , 47.0 , 53.0 , 47.52 , 
1098 , 47.0 , 51.0 , 47.84 , 
1099 , 47.0 , 51.0 , 47.6 , 
1100 , 47.0 , 51.0 , 47.6 , 
1101 , 47.0 , 52.0 , 47.52 , 
1102 , 47.0 , 52.0 , 47.4 , 
1103 , 47.0 , 52.0 , 47.52 , 
1104 , 47.0 , 55.0 , 47.58 , 
1105 , 47.0 , 52.0 , 47.64 , 
1106 , 47.0 , 52.0 , 47.88 , 
1107 , 47.0 , 51.0 , 47.62 , 
1108 , 47.0 , 51.0 , 47.4 , 
1109 , 47.0 , 53.0 , 47.64 , 
1110 , 47.0 , 51.0 , 47.4 , 
1111 , 47.0 , 54.0 , 47.42 , 
1112 , 47.0 , 52.0 , 47.38 , 
1113 , 47.0 , 52.0 , 47.38 , 
1114 , 47.0 , 55.0 , 47.66 , 
1115 , 47.0 , 53.0 , 47.56 , 
1116 , 47.0 , 53.0 , 47.42 , 
1117 , 47.0 , 53.0 , 47.72 , 
1118 , 47.0 , 51.0 , 47.68 , 
1119 , 47.0 , 53.0 , 47.66 , 
1120 , 47.0 , 51.0 , 47.38 , 
1121 , 47.0 , 51.0 , 47.42 , 
1122 , 47.0 , 53.0 , 47.46 , 
1123 , 47.0 , 56.0 , 47.52 , 
1124 , 47.0 , 52.0 , 47.7 , 
1125 , 47.0 , 54.0 , 47.5 , 
1126 , 47.0 , 54.0 , 47.7 , 
1127 , 47.0 , 52.0 , 47.52 , 
1128 , 47.0 , 51.0 , 47.38 , 
1129 , 47.0 , 51.0 , 47.44 , 
1130 , 47.0 , 52.0 , 47.54 , 
1131 , 47.0 , 51.0 , 47.34 , 
1132 , 47.0 , 54.0 , 47.42 , 
1133 , 47.0 , 50.0 , 47.18 , 
1134 , 47.0 , 52.0 , 47.48 , 
1135 , 47.0 , 51.0 , 47.4 , 
1136 , 47.0 , 51.0 , 47.42 , 
1137 , 47.0 , 53.0 , 47.68 , 
1138 , 47.0 , 52.0 , 47.44 , 
1139 , 47.0 , 54.0 , 47.4 , 
1140 , 47.0 , 52.0 , 47.54 , 
1141 , 47.0 , 51.0 , 47.54 , 
1142 , 47.0 , 52.0 , 47.74 , 
1143 , 47.0 , 54.0 , 47.62 , 
1144 , 47.0 , 52.0 , 47.64 , 
1145 , 47.0 , 55.0 , 47.78 , 
1146 , 47.0 , 52.0 , 47.46 , 
1147 , 47.0 , 53.0 , 47.52 , 
1148 , 47.0 , 53.0 , 47.5 , 
1149 , 47.0 , 52.0 , 47.44 , 
1150 , 47.0 , 52.0 , 47.54 , 
1151 , 47.0 , 52.0 , 47.64 , 
1152 , 47.0 , 53.0 , 47.32 , 
1153 , 47.0 , 55.0 , 47.86 , 
1154 , 47.0 , 51.0 , 47.42 , 
1155 , 47.0 , 53.0 , 47.56 , 
1156 , 47.0 , 52.0 , 47.38 , 
1157 , 47.0 , 51.0 , 47.38 , 
1158 , 47.0 , 57.0 , 47.5 , 
1159 , 47.0 , 52.0 , 47.4 , 
1160 , 47.0 , 55.0 , 47.54 , 
1161 , 47.0 , 50.0 , 47.32 , 
1162 , 47.0 , 51.0 , 47.52 , 
1163 , 47.0 , 51.0 , 47.44 , 
1164 , 47.0 , 53.0 , 47.9 , 
1165 , 47.0 , 53.0 , 47.5 , 
1166 , 47.0 , 50.0 , 47.22 , 
1167 , 47.0 , 51.0 , 47.74 , 
1168 , 47.0 , 52.0 , 47.5 , 
1169 , 47.0 , 51.0 , 47.32 , 
1170 , 47.0 , 52.0 , 47.64 , 
1171 , 47.0 , 51.0 , 47.48 , 
1172 , 47.0 , 53.0 , 47.4 , 
1173 , 47.0 , 51.0 , 47.6 , 
1174 , 47.0 , 57.0 , 47.64 , 
1175 , 47.0 , 52.0 , 47.38 , 
1176 , 47.0 , 52.0 , 47.66 , 
1177 , 47.0 , 52.0 , 47.46 , 
1178 , 47.0 , 55.0 , 47.4 , 
1179 , 47.0 , 51.0 , 47.76 , 
1180 , 47.0 , 50.0 , 47.4 , 
1181 , 47.0 , 53.0 , 47.68 , 
1182 , 47.0 , 53.0 , 47.46 , 
1183 , 47.0 , 51.0 , 47.34 , 
1184 , 47.0 , 50.0 , 47.42 , 
1185 , 47.0 , 55.0 , 47.58 , 
1186 , 47.0 , 53.0 , 47.96 , 
1187 , 47.0 , 51.0 , 47.42 , 
1188 , 47.0 , 51.0 , 47.38 , 
1189 , 47.0 , 51.0 , 47.36 , 
1190 , 47.0 , 52.0 , 47.42 , 
1191 , 47.0 , 52.0 , 47.44 , 
1192 , 47.0 , 54.0 , 47.4 , 
1193 , 47.0 , 52.0 , 47.52 , 
1194 , 47.0 , 52.0 , 47.42 , 
1195 , 47.0 , 53.0 , 47.48 , 
1196 , 47.0 , 53.0 , 47.44 , 
1197 , 47.0 , 51.0 , 47.52 , 
1198 , 47.0 , 53.0 , 47.36 , 
1199 , 47.0 , 54.0 , 47.64 , 
1200 , 47.0 , 53.0 , 47.62 , 
1201 , 47.0 , 51.0 , 47.26 , 
1202 , 47.0 , 50.0 , 47.22 , 
1203 , 47.0 , 54.0 , 47.46 , 
1204 , 47.0 , 53.0 , 47.62 , 
1205 , 47.0 , 51.0 , 47.4 , 
1206 , 47.0 , 54.0 , 47.64 , 
1207 , 47.0 , 50.0 , 47.5 , 
1208 , 47.0 , 51.0 , 47.42 , 
1209 , 47.0 , 53.0 , 47.62 , 
1210 , 47.0 , 52.0 , 47.36 , 
1211 , 47.0 , 52.0 , 47.46 , 
1212 , 47.0 , 54.0 , 47.74 , 
1213 , 47.0 , 52.0 , 47.36 , 
1214 , 47.0 , 53.0 , 47.52 , 
1215 , 47.0 , 53.0 , 47.36 , 
1216 , 47.0 , 50.0 , 47.3 , 
1217 , 47.0 , 51.0 , 47.42 , 
1218 , 47.0 , 50.0 , 47.32 , 
1219 , 47.0 , 52.0 , 47.42 , 
1220 , 47.0 , 51.0 , 47.28 , 
1221 , 47.0 , 53.0 , 47.56 , 
1222 , 47.0 , 55.0 , 47.7 , 
1223 , 47.0 , 53.0 , 47.48 , 
1224 , 47.0 , 52.0 , 47.5 , 
1225 , 47.0 , 54.0 , 47.42 , 
1226 , 47.0 , 50.0 , 47.34 , 
1227 , 47.0 , 52.0 , 47.3 , 
1228 , 47.0 , 53.0 , 47.54 , 
1229 , 47.0 , 52.0 , 47.36 , 
1230 , 47.0 , 54.0 , 47.84 , 
1231 , 47.0 , 51.0 , 47.48 , 
1232 , 47.0 , 52.0 , 47.6 , 
1233 , 47.0 , 50.0 , 47.34 , 
1234 , 47.0 , 50.0 , 47.32 , 
1235 , 47.0 , 51.0 , 47.52 , 
1236 , 47.0 , 51.0 , 47.24 , 
1237 , 47.0 , 51.0 , 47.5 , 
1238 , 47.0 , 52.0 , 47.56 , 
1239 , 47.0 , 52.0 , 47.76 , 
1240 , 47.0 , 53.0 , 47.42 , 
1241 , 47.0 , 52.0 , 47.28 , 
1242 , 47.0 , 53.0 , 47.5 , 
1243 , 47.0 , 49.0 , 47.22 , 
1244 , 47.0 , 52.0 , 47.32 , 
1245 , 47.0 , 52.0 , 47.48 , 
1246 , 47.0 , 51.0 , 47.4 , 
1247 , 47.0 , 54.0 , 47.56 , 
1248 , 47.0 , 50.0 , 47.3 , 
1249 , 47.0 , 51.0 , 47.46 , 
1250 , 47.0 , 55.0 , 47.88 , 
1251 , 47.0 , 53.0 , 47.6 , 
1252 , 47.0 , 54.0 , 47.6 , 
1253 , 47.0 , 57.0 , 47.96 , 
1254 , 47.0 , 50.0 , 47.54 , 
1255 , 47.0 , 54.0 , 47.72 , 
1256 , 47.0 , 53.0 , 47.44 , 
1257 , 47.0 , 54.0 , 47.54 , 
1258 , 47.0 , 52.0 , 47.7 , 
1259 , 47.0 , 51.0 , 47.64 , 
1260 , 47.0 , 55.0 , 47.72 , 
1261 , 47.0 , 53.0 , 47.3 , 
1262 , 47.0 , 51.0 , 47.42 , 
1263 , 47.0 , 55.0 , 47.5 , 
1264 , 47.0 , 52.0 , 47.5 , 
1265 , 47.0 , 51.0 , 47.56 , 
1266 , 47.0 , 52.0 , 47.68 , 
1267 , 47.0 , 54.0 , 47.64 , 
1268 , 47.0 , 49.0 , 47.24 , 
1269 , 47.0 , 53.0 , 47.48 , 
1270 , 47.0 , 51.0 , 47.34 , 
1271 , 47.0 , 51.0 , 47.36 , 
1272 , 47.0 , 52.0 , 47.48 , 
1273 , 47.0 , 51.0 , 47.68 , 
1274 , 47.0 , 51.0 , 47.54 , 
1275 , 47.0 , 53.0 , 47.78 , 
1276 , 47.0 , 52.0 , 47.5 , 
1277 , 47.0 , 52.0 , 47.52 , 
1278 , 47.0 , 52.0 , 47.5 , 
1279 , 47.0 , 52.0 , 47.66 , 
1280 , 47.0 , 51.0 , 47.54 , 
1281 , 47.0 , 51.0 , 47.38 , 
1282 , 47.0 , 54.0 , 47.92 , 
1283 , 47.0 , 50.0 , 47.26 , 
1284 , 47.0 , 55.0 , 47.84 , 
1285 , 47.0 , 52.0 , 47.64 , 
1286 , 47.0 , 56.0 , 47.7 , 
1287 , 47.0 , 51.0 , 47.56 , 
1288 , 47.0 , 50.0 , 47.3 , 
1289 , 47.0 , 51.0 , 47.46 , 
1290 , 47.0 , 49.0 , 47.34 , 
1291 , 47.0 , 52.0 , 47.66 , 
1292 , 47.0 , 55.0 , 47.84 , 
1293 , 47.0 , 53.0 , 47.7 , 
1294 , 47.0 , 51.0 , 47.72 , 
1295 , 47.0 , 52.0 , 47.52 , 
1296 , 47.0 , 55.0 , 47.7 , 
1297 , 47.0 , 50.0 , 47.42 , 
1298 , 47.0 , 51.0 , 47.54 , 
1299 , 47.0 , 52.0 , 47.62 , 
1300 , 47.0 , 53.0 , 47.54 , 
1301 , 47.0 , 51.0 , 47.4 , 
1302 , 47.0 , 51.0 , 47.58 , 
1303 , 47.0 , 54.0 , 47.68 , 
1304 , 47.0 , 52.0 , 47.42 , 
1305 , 47.0 , 50.0 , 47.44 , 
1306 , 47.0 , 53.0 , 47.76 , 
1307 , 47.0 , 53.0 , 47.48 , 
1308 , 47.0 , 51.0 , 47.72 , 
1309 , 47.0 , 53.0 , 47.62 , 
1310 , 47.0 , 52.0 , 47.44 , 
1311 , 47.0 , 55.0 , 47.64 , 
1312 , 47.0 , 53.0 , 47.76 , 
1313 , 47.0 , 52.0 , 47.56 , 
1314 , 47.0 , 51.0 , 47.5 , 
1315 , 47.0 , 55.0 , 47.82 , 
1316 , 47.0 , 55.0 , 47.96 , 
1317 , 47.0 , 53.0 , 47.6 , 
1318 , 47.0 , 51.0 , 47.42 , 
1319 , 47.0 , 54.0 , 47.8 , 
1320 , 47.0 , 52.0 , 47.8 , 
1321 , 47.0 , 52.0 , 47.78 , 
1322 , 47.0 , 52.0 , 47.46 , 
1323 , 47.0 , 52.0 , 47.8 , 
1324 , 47.0 , 51.0 , 47.72 , 
1325 , 47.0 , 54.0 , 47.64 , 
1326 , 47.0 , 53.0 , 47.44 , 
1327 , 47.0 , 52.0 , 47.58 , 
1328 , 47.0 , 51.0 , 47.36 , 
1329 , 47.0 , 56.0 , 47.52 , 
1330 , 47.0 , 53.0 , 47.72 , 
1331 , 47.0 , 59.0 , 47.52 , 
1332 , 47.0 , 50.0 , 47.38 , 
1333 , 47.0 , 52.0 , 47.68 , 
1334 , 47.0 , 51.0 , 47.46 , 
1335 , 47.0 , 56.0 , 47.7 , 
1336 , 47.0 , 53.0 , 47.86 , 
1337 , 47.0 , 55.0 , 48.16 , 
1338 , 47.0 , 52.0 , 48.0 , 
1339 , 47.0 , 52.0 , 47.58 , 
1340 , 47.0 , 54.0 , 47.7 , 
1341 , 47.0 , 55.0 , 48.0 , 
1342 , 47.0 , 52.0 , 47.68 , 
1343 , 47.0 , 54.0 , 47.62 , 
1344 , 47.0 , 53.0 , 47.72 , 
1345 , 47.0 , 53.0 , 47.66 , 
1346 , 47.0 , 51.0 , 47.44 , 
1347 , 47.0 , 53.0 , 47.62 , 
1348 , 47.0 , 51.0 , 47.62 , 
1349 , 47.0 , 53.0 , 47.5 , 
1350 , 47.0 , 54.0 , 47.6 , 
1351 , 47.0 , 51.0 , 47.44 , 
1352 , 47.0 , 55.0 , 47.66 , 
1353 , 47.0 , 51.0 , 47.56 , 
1354 , 47.0 , 52.0 , 47.38 , 
1355 , 47.0 , 55.0 , 47.6 , 
1356 , 47.0 , 53.0 , 47.46 , 
1357 , 47.0 , 52.0 , 47.52 , 
1358 , 47.0 , 57.0 , 47.88 , 
1359 , 47.0 , 53.0 , 47.46 , 
1360 , 47.0 , 51.0 , 47.62 , 
1361 , 47.0 , 53.0 , 47.72 , 
1362 , 47.0 , 54.0 , 47.36 , 
1363 , 47.0 , 55.0 , 47.54 , 
1364 , 47.0 , 54.0 , 47.54 , 
1365 , 47.0 , 52.0 , 47.5 , 
1366 , 47.0 , 55.0 , 47.8 , 
1367 , 47.0 , 50.0 , 47.36 , 
1368 , 47.0 , 53.0 , 47.54 , 
1369 , 47.0 , 53.0 , 47.76 , 
1370 , 47.0 , 53.0 , 47.74 , 
1371 , 47.0 , 52.0 , 47.5 , 
1372 , 47.0 , 53.0 , 47.3 , 
1373 , 47.0 , 54.0 , 47.7 , 
1374 , 47.0 , 54.0 , 47.96 , 
1375 , 47.0 , 55.0 , 47.64 , 
1376 , 47.0 , 51.0 , 47.6 , 
1377 , 47.0 , 51.0 , 47.68 , 
1378 , 47.0 , 54.0 , 47.4 , 
1379 , 47.0 , 55.0 , 47.68 , 
1380 , 47.0 , 53.0 , 47.44 , 
1381 , 47.0 , 49.0 , 47.16 , 
1382 , 47.0 , 57.0 , 48.18 , 
1383 , 47.0 , 54.0 , 47.46 , 
1384 , 47.0 , 52.0 , 47.56 , 
1385 , 47.0 , 53.0 , 47.42 , 
1386 , 47.0 , 52.0 , 47.4 , 
1387 , 47.0 , 51.0 , 47.44 , 
1388 , 47.0 , 50.0 , 47.4 , 
1389 , 47.0 , 51.0 , 47.34 , 
1390 , 47.0 , 53.0 , 47.64 , 
1391 , 47.0 , 50.0 , 47.4 , 
1392 , 47.0 , 54.0 , 47.54 , 
1393 , 47.0 , 52.0 , 47.6 , 
1394 , 47.0 , 51.0 , 47.62 , 
1395 , 47.0 , 52.0 , 47.78 , 
1396 , 47.0 , 52.0 , 47.52 , 
1397 , 47.0 , 51.0 , 47.3 , 
1398 , 47.0 , 54.0 , 47.6 , 
1399 , 47.0 , 53.0 , 48.08 , 
1400 , 47.0 , 54.0 , 47.76 , 
1401 , 47.0 , 52.0 , 47.34 , 
1402 , 47.0 , 54.0 , 47.94 , 
1403 , 47.0 , 54.0 , 47.66 , 
1404 , 47.0 , 50.0 , 47.62 , 
1405 , 47.0 , 52.0 , 47.54 , 
1406 , 47.0 , 51.0 , 47.42 , 
1407 , 47.0 , 52.0 , 47.66 , 
1408 , 47.0 , 52.0 , 47.5 , 
1409 , 47.0 , 52.0 , 47.7 , 
1410 , 47.0 , 50.0 , 47.36 , 
1411 , 47.0 , 53.0 , 47.6 , 
1412 , 47.0 , 52.0 , 47.66 , 
1413 , 47.0 , 51.0 , 47.6 , 
1414 , 47.0 , 54.0 , 47.72 , 
1415 , 47.0 , 53.0 , 47.36 , 
1416 , 47.0 , 51.0 , 47.42 , 
1417 , 47.0 , 52.0 , 47.72 , 
1418 , 47.0 , 52.0 , 47.62 , 
1419 , 47.0 , 53.0 , 47.5 , 
1420 , 47.0 , 56.0 , 47.72 , 
1421 , 47.0 , 50.0 , 47.38 , 
1422 , 47.0 , 51.0 , 47.62 , 
1423 , 47.0 , 51.0 , 47.28 , 
1424 , 47.0 , 53.0 , 47.92 , 
1425 , 47.0 , 57.0 , 48.04 , 
1426 , 47.0 , 52.0 , 47.64 , 
1427 , 47.0 , 53.0 , 47.92 , 
1428 , 47.0 , 51.0 , 47.54 , 
1429 , 47.0 , 52.0 , 47.68 , 
1430 , 47.0 , 51.0 , 47.66 , 
1431 , 47.0 , 51.0 , 47.46 , 
1432 , 47.0 , 54.0 , 47.6 , 
1433 , 47.0 , 53.0 , 47.68 , 
1434 , 47.0 , 52.0 , 47.44 , 
1435 , 47.0 , 53.0 , 47.68 , 
1436 , 47.0 , 50.0 , 47.44 , 
1437 , 47.0 , 53.0 , 47.76 , 
1438 , 47.0 , 51.0 , 47.42 , 
1439 , 47.0 , 51.0 , 47.68 , 
1440 , 47.0 , 51.0 , 47.7 , 
1441 , 47.0 , 51.0 , 47.48 , 
1442 , 47.0 , 52.0 , 47.86 , 
1443 , 47.0 , 54.0 , 47.54 , 
1444 , 47.0 , 53.0 , 47.7 , 
1445 , 47.0 , 50.0 , 47.42 , 
1446 , 47.0 , 53.0 , 47.62 , 
1447 , 47.0 , 52.0 , 47.38 , 
1448 , 47.0 , 53.0 , 47.94 , 
1449 , 47.0 , 51.0 , 47.38 , 
1450 , 47.0 , 51.0 , 47.58 , 
1451 , 47.0 , 52.0 , 47.64 , 
1452 , 47.0 , 53.0 , 47.74 , 
1453 , 47.0 , 52.0 , 47.58 , 
1454 , 47.0 , 52.0 , 47.82 , 
1455 , 47.0 , 53.0 , 47.8 , 
1456 , 47.0 , 51.0 , 47.5 , 
1457 , 47.0 , 53.0 , 47.86 , 
1458 , 47.0 , 51.0 , 47.52 , 
1459 , 47.0 , 55.0 , 47.74 , 
1460 , 47.0 , 52.0 , 47.7 , 
1461 , 47.0 , 52.0 , 47.52 , 
1462 , 47.0 , 51.0 , 47.42 , 
1463 , 47.0 , 51.0 , 47.4 , 
1464 , 47.0 , 53.0 , 47.82 , 
1465 , 47.0 , 54.0 , 47.5 , 
1466 , 47.0 , 52.0 , 47.74 , 
1467 , 47.0 , 55.0 , 47.54 , 
1468 , 47.0 , 53.0 , 47.74 , 
1469 , 47.0 , 54.0 , 48.26 , 
1470 , 47.0 , 55.0 , 47.84 , 
1471 , 47.0 , 57.0 , 47.88 , 
1472 , 47.0 , 52.0 , 47.54 , 
1473 , 47.0 , 52.0 , 47.48 , 
1474 , 47.0 , 54.0 , 47.74 , 
1475 , 47.0 , 51.0 , 47.56 , 
1476 , 47.0 , 52.0 , 47.88 , 
1477 , 47.0 , 54.0 , 47.46 , 
1478 , 47.0 , 52.0 , 47.48 , 
1479 , 47.0 , 51.0 , 47.44 , 
1480 , 47.0 , 54.0 , 47.68 , 
1481 , 47.0 , 50.0 , 47.42 , 
1482 , 47.0 , 57.0 , 47.88 , 
1483 , 47.0 , 56.0 , 47.88 , 
1484 , 47.0 , 55.0 , 48.2 , 
1485 , 47.0 , 52.0 , 47.54 , 
1486 , 47.0 , 55.0 , 48.06 , 
1487 , 47.0 , 55.0 , 47.98 , 
1488 , 47.0 , 54.0 , 47.58 , 
1489 , 47.0 , 56.0 , 47.76 , 
1490 , 47.0 , 53.0 , 47.92 , 
1491 , 47.0 , 51.0 , 47.36 , 
1492 , 47.0 , 52.0 , 47.42 , 
1493 , 47.0 , 51.0 , 47.6 , 
1494 , 47.0 , 52.0 , 47.58 , 
1495 , 47.0 , 51.0 , 47.38 , 
1496 , 47.0 , 50.0 , 47.58 , 
1497 , 47.0 , 52.0 , 47.5 , 
1498 , 47.0 , 51.0 , 47.4 , 
1499 , 47.0 , 50.0 , 47.4 , 
1500 , 47.0 , 51.0 , 47.48 , 
1501 , 47.0 , 49.0 , 47.3 , 
1502 , 47.0 , 54.0 , 47.92 , 
1503 , 47.0 , 53.0 , 47.82 , 
1504 , 47.0 , 55.0 , 47.82 , 
1505 , 47.0 , 52.0 , 47.6 , 
1506 , 47.0 , 51.0 , 47.42 , 
1507 , 47.0 , 51.0 , 47.54 , 
1508 , 47.0 , 51.0 , 47.56 , 
1509 , 47.0 , 56.0 , 47.86 , 
1510 , 47.0 , 51.0 , 47.6 , 
1511 , 47.0 , 53.0 , 47.84 , 
1512 , 47.0 , 51.0 , 47.4 , 
1513 , 47.0 , 52.0 , 47.62 , 
1514 , 47.0 , 52.0 , 47.54 , 
1515 , 47.0 , 53.0 , 47.56 , 
1516 , 47.0 , 53.0 , 47.72 , 
1517 , 47.0 , 57.0 , 47.68 , 
1518 , 47.0 , 54.0 , 47.8 , 
1519 , 47.0 , 52.0 , 47.54 , 
1520 , 47.0 , 51.0 , 47.28 , 
1521 , 47.0 , 53.0 , 47.98 , 
1522 , 47.0 , 54.0 , 47.72 , 
1523 , 47.0 , 53.0 , 47.34 , 
1524 , 47.0 , 51.0 , 47.34 , 
1525 , 47.0 , 52.0 , 47.44 , 
1526 , 47.0 , 53.0 , 47.6 , 
1527 , 47.0 , 51.0 , 47.3 , 
1528 , 47.0 , 51.0 , 47.64 , 
1529 , 47.0 , 52.0 , 47.48 , 
1530 , 47.0 , 52.0 , 47.66 , 
1531 , 47.0 , 53.0 , 47.88 , 
1532 , 47.0 , 51.0 , 47.48 , 
1533 , 47.0 , 53.0 , 47.62 , 
1534 , 47.0 , 52.0 , 47.5 , 
1535 , 47.0 , 53.0 , 47.46 , 
1536 , 47.0 , 53.0 , 47.52 , 
1537 , 47.0 , 53.0 , 47.5 , 
1538 , 47.0 , 51.0 , 47.38 , 
1539 , 47.0 , 52.0 , 47.56 , 
1540 , 47.0 , 52.0 , 47.64 , 
1541 , 47.0 , 52.0 , 47.36 , 
1542 , 47.0 , 52.0 , 47.58 , 
1543 , 47.0 , 53.0 , 47.56 , 
1544 , 47.0 , 52.0 , 47.54 , 
1545 , 47.0 , 50.0 , 47.2 , 
1546 , 47.0 , 52.0 , 47.38 , 
1547 , 47.0 , 55.0 , 47.84 , 
1548 , 47.0 , 53.0 , 47.38 , 
1549 , 47.0 , 50.0 , 47.4 , 
1550 , 47.0 , 53.0 , 47.34 , 
1551 , 47.0 , 53.0 , 47.6 , 
1552 , 47.0 , 54.0 , 47.54 , 
1553 , 47.0 , 52.0 , 47.68 , 
1554 , 47.0 , 51.0 , 47.42 , 
1555 , 47.0 , 50.0 , 47.38 , 
1556 , 47.0 , 51.0 , 47.42 , 
1557 , 47.0 , 49.0 , 47.2 , 
1558 , 47.0 , 52.0 , 47.42 , 
1559 , 47.0 , 51.0 , 47.52 , 
1560 , 47.0 , 51.0 , 47.24 , 
1561 , 47.0 , 53.0 , 47.28 , 
1562 , 47.0 , 51.0 , 47.36 , 
1563 , 47.0 , 51.0 , 47.36 , 
1564 , 47.0 , 51.0 , 47.44 , 
1565 , 47.0 , 53.0 , 47.4 , 
1566 , 47.0 , 52.0 , 47.5 , 
1567 , 47.0 , 52.0 , 47.62 , 
1568 , 47.0 , 51.0 , 47.48 , 
1569 , 47.0 , 53.0 , 47.58 , 
1570 , 47.0 , 53.0 , 47.56 , 
1571 , 47.0 , 53.0 , 47.78 , 
1572 , 47.0 , 50.0 , 47.26 , 
1573 , 47.0 , 50.0 , 47.36 , 
1574 , 47.0 , 50.0 , 47.52 , 
1575 , 47.0 , 50.0 , 47.22 , 
1576 , 47.0 , 50.0 , 47.42 , 
1577 , 47.0 , 53.0 , 47.66 , 
1578 , 47.0 , 52.0 , 47.56 , 
1579 , 47.0 , 53.0 , 47.26 , 
1580 , 47.0 , 51.0 , 47.5 , 
1581 , 47.0 , 52.0 , 47.64 , 
1582 , 47.0 , 50.0 , 47.5 , 
1583 , 47.0 , 51.0 , 47.56 , 
1584 , 47.0 , 51.0 , 47.38 , 
1585 , 47.0 , 51.0 , 47.7 , 
1586 , 47.0 , 50.0 , 47.38 , 
1587 , 47.0 , 51.0 , 47.38 , 
1588 , 47.0 , 50.0 , 47.16 , 
1589 , 47.0 , 51.0 , 47.42 , 
1590 , 47.0 , 52.0 , 47.36 , 
1591 , 47.0 , 51.0 , 47.38 , 
1592 , 47.0 , 53.0 , 47.64 , 
1593 , 47.0 , 51.0 , 47.46 , 
1594 , 47.0 , 53.0 , 47.42 , 
1595 , 47.0 , 53.0 , 47.34 , 
1596 , 47.0 , 50.0 , 47.38 , 
1597 , 47.0 , 53.0 , 47.6 , 
1598 , 47.0 , 51.0 , 47.34 , 
1599 , 47.0 , 54.0 , 47.5 , 
1600 , 47.0 , 53.0 , 47.76 , 
1601 , 47.0 , 53.0 , 47.38 , 
1602 , 47.0 , 51.0 , 47.38 , 
1603 , 47.0 , 53.0 , 47.68 , 
1604 , 47.0 , 51.0 , 47.48 , 
1605 , 47.0 , 52.0 , 47.6 , 
1606 , 47.0 , 52.0 , 47.64 , 
1607 , 47.0 , 53.0 , 47.56 , 
1608 , 47.0 , 53.0 , 47.54 , 
1609 , 47.0 , 52.0 , 47.6 , 
1610 , 47.0 , 53.0 , 47.36 , 
1611 , 47.0 , 53.0 , 47.6 , 
1612 , 47.0 , 54.0 , 47.9 , 
1613 , 47.0 , 54.0 , 47.8 , 
1614 , 47.0 , 53.0 , 47.82 , 
1615 , 47.0 , 56.0 , 47.36 , 
1616 , 47.0 , 53.0 , 47.82 , 
1617 , 47.0 , 52.0 , 47.46 , 
1618 , 47.0 , 52.0 , 47.42 , 
1619 , 47.0 , 53.0 , 47.78 , 
1620 , 47.0 , 52.0 , 47.62 , 
1621 , 47.0 , 50.0 , 47.3 , 
1622 , 47.0 , 51.0 , 47.44 , 
1623 , 47.0 , 53.0 , 47.52 , 
1624 , 47.0 , 51.0 , 47.46 , 
1625 , 47.0 , 51.0 , 47.26 , 
1626 , 47.0 , 51.0 , 47.2 , 
1627 , 47.0 , 50.0 , 47.32 , 
1628 , 47.0 , 50.0 , 47.22 , 
1629 , 47.0 , 51.0 , 47.44 , 
1630 , 47.0 , 53.0 , 47.68 , 
1631 , 47.0 , 52.0 , 47.44 , 
1632 , 47.0 , 53.0 , 47.52 , 
1633 , 47.0 , 51.0 , 47.5 , 
1634 , 47.0 , 53.0 , 47.3 , 
1635 , 47.0 , 49.0 , 47.2 , 
1636 , 47.0 , 53.0 , 47.4 , 
1637 , 47.0 , 51.0 , 47.32 , 
1638 , 47.0 , 52.0 , 47.44 , 
1639 , 47.0 , 53.0 , 47.58 , 
1640 , 47.0 , 51.0 , 47.36 , 
1641 , 47.0 , 52.0 , 47.34 , 
1642 , 47.0 , 50.0 , 47.36 , 
1643 , 47.0 , 51.0 , 47.26 , 
1644 , 47.0 , 51.0 , 47.36 , 
1645 , 47.0 , 53.0 , 47.62 , 
1646 , 47.0 , 52.0 , 47.44 , 
1647 , 47.0 , 56.0 , 47.68 , 
1648 , 47.0 , 51.0 , 47.36 , 
1649 , 47.0 , 51.0 , 47.4 , 
1650 , 47.0 , 53.0 , 47.6 , 
1651 , 47.0 , 53.0 , 47.72 , 
1652 , 47.0 , 49.0 , 47.5 , 
1653 , 47.0 , 52.0 , 47.48 , 
1654 , 47.0 , 53.0 , 47.48 , 
1655 , 47.0 , 51.0 , 47.28 , 
1656 , 47.0 , 52.0 , 47.44 , 
1657 , 47.0 , 51.0 , 47.54 , 
1658 , 47.0 , 50.0 , 47.34 , 
1659 , 47.0 , 52.0 , 47.46 , 
1660 , 47.0 , 51.0 , 47.4 , 
1661 , 47.0 , 51.0 , 47.32 , 
1662 , 47.0 , 51.0 , 47.26 , 
1663 , 47.0 , 52.0 , 47.22 , 
1664 , 47.0 , 51.0 , 47.58 , 
1665 , 47.0 , 52.0 , 47.5 , 
1666 , 47.0 , 53.0 , 47.36 , 
1667 , 47.0 , 53.0 , 47.34 , 
1668 , 47.0 , 49.0 , 47.1 , 
1669 , 47.0 , 50.0 , 47.46 , 
1670 , 47.0 , 51.0 , 47.36 , 
1671 , 47.0 , 52.0 , 47.48 , 
1672 , 47.0 , 51.0 , 47.38 , 
1673 , 47.0 , 53.0 , 47.56 , 
1674 , 47.0 , 53.0 , 47.62 , 
1675 , 47.0 , 52.0 , 47.4 , 
1676 , 47.0 , 52.0 , 47.42 , 
1677 , 47.0 , 51.0 , 47.62 , 
1678 , 47.0 , 52.0 , 47.32 , 
1679 , 47.0 , 53.0 , 47.56 , 
1680 , 47.0 , 51.0 , 47.3 , 
1681 , 47.0 , 53.0 , 47.56 , 
1682 , 47.0 , 50.0 , 47.28 , 
1683 , 47.0 , 51.0 , 47.38 , 
1684 , 47.0 , 5